Type,Context Type,Question
Paper Work,Without Context,Write a press release for a new product launch.
Paper Work,Without Context,Create a proposal for a strategic partnership.
Paper Work,Without Context,Draft an email inviting customers to an exclusive event.
Paper Work,Without Context,Write a formal apology letter to a dissatisfied client.
Paper Work,Without Context,Generate a monthly marketing performance report.
Paper Work,Without Context,Compose a sponsorship request to a local business.
Paper Work,Without Context,Write a newsletter announcement for a seasonal sale.
Paper Work,Without Context,Create a thank-you note for event attendees.
Paper Work,Without Context,Draft a cold outreach email to potential leads.
Paper Work,Without Context,Write a formal memo summarizing campaign goals.
Paper Work,Without Context,Generate a customer satisfaction survey for a recent campaign.
Paper Work,Without Context,Write a project brief for a new advertising campaign.
Paper Work,Without Context,Create a contract template for influencer partnerships.
Paper Work,Without Context,Write a follow-up email to a prospective client.
Paper Work,Without Context,Compose an internal announcement about a team achievement.
Paper Work,Without Context,Create a template for a referral program invitation.
Paper Work,Without Context,Write a script for a product demo video.
Paper Work,Without Context,Compose a letter to request product reviews from customers.
Paper Work,Without Context,Create a formal request for proposal (RFP) for a marketing agency.
Paper Work,Without Context,Write a thank-you email to a guest speaker after an event.
Paper Work,Without Context,Generate a sponsorship proposal for a charity event.
Paper Work,Without Context,Write a formal partnership agreement draft.
Paper Work,Without Context,Compose a press release for a company rebranding.
Paper Work,Without Context,Create a job description for a marketing manager.
Paper Work,Without Context,Write an internal update on the progress of a marketing project.
Paper Work,Without Context,Compose a formal invitation to a grand opening.
Paper Work,Without Context,Create a template for a customer feedback request.
Paper Work,Without Context,Write a monthly newsletter for loyal customers.
Paper Work,Without Context,Compose a formal letter to a business partner.
Paper Work,Without Context,Create a project status report for upper management.
Paper Work,Light Context,Our bakery is launching gluten-free cupcakes. Write a press release announcing this.
Paper Work,Light Context,We hosted a webinar last week. Draft a thank-you email for attendees.
Paper Work,Light Context,Our tech startup wants to partner with a university. Create a proposal letter.
Paper Work,Light Context,The CEO needs a summary report of last month’s ad spend and ROI.
Paper Work,Light Context,A client received damaged promotional materials. Write a polite apology email.
Paper Work,Light Context,We are running a holiday sale. Generate a newsletter announcement for our subscribers.
Paper Work,Light Context,Our agency is pitching to a new retail client. Prepare a proposal outline.
Paper Work,Light Context,We’re organizing a webinar on digital advertising. Write a reminder email for registrants.
Paper Work,Light Context,We want to thank all partners after a successful campaign. Draft a thank-you note.
Paper Work,Light Context,We need a formal memo to introduce a new marketing strategy to the team.
Paper Work,Light Context,Our restaurant is hosting a wine-tasting evening. Write a formal invitation for VIP guests.
Paper Work,Light Context,We’re launching a loyalty program for our e-commerce store. Create an announcement email.
Paper Work,Light Context,Our brand is supporting a local charity run. Draft a sponsorship request letter.
Paper Work,Light Context,We’re updating our privacy policy. Write a notification email for customers.
Paper Work,Light Context,Our marketing team is hiring a new coordinator. Draft a job posting.
Paper Work,Light Context,We’re hosting an influencer brunch. Write a formal invitation for selected influencers.
Paper Work,Light Context,Our company is celebrating its 10th anniversary. Create a press release for the occasion.
Paper Work,Light Context,We’re inviting media to cover our new product launch. Draft the invitation email.
Paper Work,Light Context,We’re offering a referral discount to existing customers. Write an announcement email.
Paper Work,Light Context,Our CEO is speaking at a conference. Write a press release announcing this.
Paper Work,Light Context,We’re launching a new app feature. Draft an update email for users.
Paper Work,Light Context,Our team won a marketing award. Compose a press release to share the news.
Paper Work,Light Context,We want to apologize for a website outage. Draft a formal apology to customers.
Paper Work,Light Context,We’re switching to a new CRM system. Write an internal announcement for staff.
Paper Work,Light Context,Our agency is offering free consultations this month. Draft a promotional email.
Paper Work,Light Context,We’re hosting a charity gala. Write a sponsorship proposal for local businesses.
Paper Work,Light Context,We’re launching a back-to-school campaign. Write a newsletter for parents.
Paper Work,Light Context,We want to thank volunteers after a successful event. Draft a thank-you letter.
Paper Work,Light Context,We’re hosting a product demo day. Write an invitation for industry professionals.
Paper Work,Full Context,Our boutique hotel is opening a rooftop restaurant next month. We’re targeting local food bloggers and lifestyle magazines. Please draft a press release that highlights our unique menu, panoramic views, and opening event details.
Paper Work,Full Context,We just finished a three-day trade show in Las Vegas, where we gathered over 200 leads and gave live product demos. Write a follow-up email for the sales team to send to all attendees, thanking them for visiting our booth and inviting them to book a demo call.
Paper Work,Full Context,Our eco-friendly cleaning brand wants to sponsor a city marathon. Draft a sponsorship proposal that outlines our company values, proposed activations at the event, and the benefits for the marathon organizers.
Paper Work,Full Context,The marketing team needs a quarterly report summarizing campaign performance across email, social, and print, with recommendations for next quarter.
Paper Work,Full Context,A major client complained about delays in campaign delivery. Write a formal apology letter, offering compensation and outlining steps we’re taking to improve.
Paper Work,Full Context,We are launching a new app targeting college students. Draft an email to university administrators introducing the app and proposing a campus partnership.
Paper Work,Full Context,Our non-profit is hosting a fundraising gala next month. Create a formal invitation letter for local business owners, highlighting sponsorship opportunities and event details.
Paper Work,Full Context,After a successful influencer campaign, we want to send personalized thank-you notes to each influencer. Draft a template that can be customized for different personalities.
Paper Work,Full Context,Our e-commerce platform is rolling out a loyalty program. Write an announcement email to current users explaining the perks and sign-up process.
Paper Work,Full Context,We received negative feedback from a long-standing B2B client regarding campaign delays. Write a formal apology letter, offer a solution, and reassure them of our commitment to service.
Paper Work,Full Context,Our restaurant chain is launching a new menu across all locations. Draft a press release that highlights the culinary inspiration, chef’s background, and special launch events.
Paper Work,Full Context,We’re organizing a virtual summit for digital marketers. Draft an invitation for keynote speakers, outlining the event’s goals and benefits of participation.
Paper Work,Full Context,Our fashion brand is collaborating with a well-known artist for a limited-edition collection. Write a press release highlighting the partnership and collection details.
Paper Work,Full Context,We want to pitch a co-branded campaign to a popular beverage company. Draft a proposal that emphasizes mutual benefits and creative concepts.
Paper Work,Full Context,Our team is preparing for a quarterly board meeting. Write a briefing document summarizing all major marketing initiatives and their outcomes.
Paper Work,Full Context,We’re launching a sustainability campaign for our beauty products. Draft a press release emphasizing eco-friendly packaging and ethical sourcing.
Paper Work,Full Context,Our online course platform is offering scholarships to underrepresented students. Write an announcement email for educational partners.
Paper Work,Full Context,We’re hosting a “Customer Appreciation Week” in-store. Draft a formal invitation for loyal customers, detailing activities and special offers.
Paper Work,Full Context,Our SaaS company is rolling out a new feature for enterprise clients. Draft a technical update email for IT managers.
Paper Work,Full Context,Our agency is applying for an industry award. Write a submission letter summarizing our achievements and unique approach.
Paper Work,Full Context,We’re launching a community outreach initiative in partnership with local schools. Draft a proposal for school administrators, outlining program goals and benefits.
Paper Work,Full Context,Our event planning company is hosting a wedding expo. Write a sponsorship proposal for bridal vendors, detailing booth options and expected attendance.
Paper Work,Full Context,We want to thank all stakeholders after a successful product launch. Draft a formal thank-you letter for distribution.
Paper Work,Full Context,Our company is merging with a competitor. Write an internal announcement for staff, outlining next steps and addressing concerns.
Paper Work,Full Context,We’re inviting journalists to a behind-the-scenes tour of our new factory. Draft the invitation email, highlighting what makes the tour unique.
Paper Work,Full Context,Our non-profit is applying for a government grant. Write a proposal that details our mission, recent successes, and intended use of funds.
Paper Work,Full Context,We’re launching a podcast for marketing professionals. Draft an invitation for industry experts to be guests, outlining the topics and benefits.
Paper Work,Full Context,Our CEO is retiring after 20 years. Draft a press release celebrating their legacy and announcing the new CEO.
Paper Work,Full Context,We’re piloting a new delivery service for our restaurant. Write an announcement email for regular customers, explaining how to use the service.
Summary,Without Context,Summarize this marketing plan.
Summary,Without Context,Give a brief overview of this product launch.
Summary,Without Context,Condense this customer feedback into key themes.
Summary,Without Context,Summarize this month’s social media analytics.
Summary,Without Context,Give a short summary of this competitor analysis.
Summary,Without Context,Provide a recap of this team meeting.
Summary,Without Context,Summarize the main findings from this market research.
Summary,Without Context,Condense this event report into a few bullet points.
Summary,Without Context,Give a summary of this advertising campaign’s results.
Summary,Without Context,Summarize the key elements of this brand strategy.
Summary,Without Context,Provide a summary of this influencer collaboration.
Summary,Without Context,Summarize this customer journey map.
Summary,Without Context,Condense this press release into a few sentences.
Summary,Without Context,Summarize the main points from this focus group.
Summary,Without Context,Provide a quick overview of this marketing budget.
Summary,Without Context,Summarize this product review roundup.
Summary,Without Context,Give a concise summary of this training webinar.
Summary,Without Context,Condense this partnership proposal into key benefits.
Summary,Without Context,Summarize this event’s attendee feedback.
Summary,Without Context,Provide an overview of this email campaign’s performance.
Summary,Without Context,Summarize this marketing funnel analysis.
Summary,Without Context,Condense this annual marketing report into key takeaways.
Summary,Without Context,Provide a summary of this radio ad campaign.
Summary,Without Context,Summarize the results of this print advertising effort.
Summary,Without Context,Give a brief overview of this loyalty program’s performance.
Summary,Without Context,Summarize this product launch timeline.
Summary,Without Context,Condense this sponsorship proposal into a summary.
Summary,Without Context,Summarize this quarterly sales report from a marketing perspective.
Summary,Without Context,Provide a summary of this new customer onboarding process.
Summary,Light Context,We ran a Facebook ad campaign for two weeks. Summarize the results.
Summary,Light Context,Our team held a brainstorming session for a new brand slogan. Summarize the key ideas discussed.
Summary,Light Context,We received 50 survey responses about our new app feature. Provide a summary of the main feedback.
Summary,Light Context,Our CEO gave a 10-minute speech at a conference. Summarize the main points.
Summary,Light Context,We posted a video on LinkedIn about our sustainability efforts. Summarize the key takeaways.
Summary,Light Context,We launched a print ad in several magazines. Summarize the public’s reaction.
Summary,Light Context,Our marketing team attended an industry expo. Summarize the networking outcomes.
Summary,Light Context,We sent a product sample to influencers. Summarize their feedback.
Summary,Light Context,We ran a radio ad for a month. Summarize listener responses.
Summary,Light Context,Our agency completed a client rebranding project. Summarize the process and results.
Summary,Light Context,We hosted a Twitter chat about digital marketing. Summarize the main discussion points.
Summary,Light Context,We launched a new loyalty program. Summarize initial customer reactions.
Summary,Light Context,We organized a charity auction. Summarize the event outcomes.
Summary,Light Context,We posted a series of Instagram stories. Summarize the engagement metrics.
Summary,Light Context,We surveyed customers about our new packaging. Summarize their opinions.
Summary,Light Context,We ran a YouTube ad campaign. Summarize the viewership data.
Summary,Light Context,We conducted a focus group for a new product. Summarize the participants’ feedback.
Summary,Light Context,We introduced a chatbot on our website. Summarize user reactions.
Summary,Light Context,We held a training session for our sales team. Summarize the key learnings.
Summary,Light Context,We launched a referral program. Summarize customer participation rates.
Summary,Light Context,We ran a holiday-themed promotion. Summarize the sales impact.
Summary,Light Context,We conducted a competitive review of three main rivals. Summarize their marketing strengths.
Summary,Light Context,We released a new app update. Summarize user reviews from the app store.
Summary,Light Context,We launched a TikTok campaign. Summarize the reach and engagement.
Summary,Light Context,We sent a feedback survey after a webinar. Summarize the main responses.
Summary,Light Context,We trialed a direct mail campaign. Summarize the response rate and feedback.
Summary,Light Context,We ran a series of email A/B tests. Summarize the key findings.
Summary,Light Context,We introduced a new checkout process. Summarize customer feedback.
Summary,Light Context,We released a whitepaper on industry trends. Summarize the main insights.
Summary,Full Context,Our company launched a multi-channel campaign for a new skincare product, including influencer partnerships, email blasts, and in-store promotions. Summarize the overall performance and customer reception across all channels.
Summary,Full Context,We hosted a three-day virtual summit with guest speakers and interactive workshops. Summarize attendee engagement, feedback, and the most popular sessions.
Summary,Full Context,Our restaurant chain received a mix of positive and negative reviews after launching a new menu item. Summarize the main points from customer reviews and highlight any recurring suggestions.
Summary,Full Context,We conducted a competitive analysis of five major brands in the athletic wear industry. Summarize their unique selling points, marketing tactics, and market positioning.
Summary,Full Context,Our nonprofit ran a fundraising campaign across email, social, and local events. Summarize the campaign’s reach, funds raised, and lessons learned for future efforts.
Summary,Full Context,We organized a pop-up shop in three cities to test a new product line. Summarize sales performance, customer feedback, and logistical challenges.
Summary,Full Context,Our agency completed a full rebranding for a financial services client, including logo, messaging, and website. Summarize the process, timeline, and client response.
Summary,Full Context,We piloted a subscription box service for pet owners. Summarize subscriber growth, retention rates, and customer testimonials.
Summary,Full Context,We ran a summer ad campaign for a beverage brand across TV, radio, and social media. Summarize the campaign’s reach, engagement, and sales impact.
Summary,Full Context,Our team launched an educational webinar series for small business owners. Summarize registration numbers, attendee feedback, and follow-up actions.
Summary,Full Context,We conducted a brand perception survey with 1,000 respondents. Summarize the key findings and areas for improvement.
Summary,Full Context,We ran a holiday contest on Instagram and Facebook. Summarize participation rates, user-generated content, and brand sentiment.
Summary,Full Context,Our hotel chain offered a limited-time loyalty bonus. Summarize the increase in bookings and customer feedback.
Summary,Full Context,We rolled out a new packaging design for our snack products. Summarize retailer and end-customer responses.
Summary,Full Context,Our agency managed a crisis communication campaign for a client facing negative press. Summarize the steps taken and outcomes.
Summary,Full Context,We launched a series of how-to videos for our software product. Summarize viewer engagement and support ticket trends.
Summary,Full Context,Our fashion brand collaborated with a celebrity for a capsule collection. Summarize media coverage and sales performance.
Summary,Full Context,We hosted a charity golf tournament. Summarize sponsor involvement, funds raised, and attendee feedback.
Summary,Full Context,We tested a new pop-up ad format on our website. Summarize user interactions and any impact on bounce rate.
Summary,Full Context,Our startup introduced a referral program for beta users. Summarize referral rates and user feedback.
Summary,Full Context,We launched a multi-week content series on LinkedIn. Summarize impressions, engagement, and lead generation outcomes.
Summary,Full Context,Our non-profit coordinated a city-wide clean-up event. Summarize media coverage, volunteer turnout, and social media mentions.
Summary,Full Context,We introduced a new pricing model for our SaaS platform. Summarize customer reactions and churn rates.
Summary,Full Context,Our travel agency ran a campaign targeting retirees. Summarize booking trends and feedback from the target audience.
Summary,Full Context,We organized a local art exhibit sponsored by our brand. Summarize artist participation, visitor numbers, and press coverage.
Summary,Full Context,We launched a podcast featuring industry leaders. Summarize listener growth, reviews, and notable guest appearances.
Summary,Full Context,Our agency managed a cross-border campaign for a global client. Summarize regional differences in performance and feedback.
Summary,Full Context,We piloted a loyalty app in select stores. Summarize user adoption and technical feedback.
Summary,Full Context,We ran a B2B lead generation campaign using LinkedIn ads and webinars. Summarize lead quality and conversion rates.
Paraphrase,Without Context,Rewrite this product description to make it more engaging.
Paraphrase,Without Context,Reword this email to sound more professional.
Paraphrase,Without Context,Make this social media post more humorous.
Paraphrase,Without Context,Paraphrase this event invitation for a younger audience.
Paraphrase,Without Context,Rephrase this customer testimonial for use in an ad.
Paraphrase,Without Context,Rewrite this press release for a casual tone.
Paraphrase,Without Context,Make this blog introduction more concise.
Paraphrase,Without Context,Paraphrase this influencer’s quote for a corporate audience.
Paraphrase,Without Context,Rewrite this apology letter to sound more empathetic.
Paraphrase,Without Context,Reword this Facebook ad to be more persuasive.
Paraphrase,Without Context,Rewrite this call-to-action for a print flyer.
Paraphrase,Without Context,Paraphrase this slogan for a different demographic.
Paraphrase,Without Context,Make this email subject line more compelling.
Paraphrase,Without Context,Rewrite this product review for a magazine article.
Paraphrase,Without Context,Reword this contest announcement for clarity.
Paraphrase,Without Context,Paraphrase this FAQ answer to be more user-friendly.
Paraphrase,Without Context,Rewrite this customer service script for a chatbot.
Paraphrase,Without Context,Make this event summary more exciting.
Paraphrase,Without Context,Paraphrase this marketing tip for beginners.
Paraphrase,Without Context,Rewrite this thank-you note for a formal setting.
Paraphrase,Without Context,Reword this Instagram caption for a lighthearted tone.
Paraphrase,Without Context,Paraphrase this press release for a trade journal.
Paraphrase,Without Context,Rewrite this LinkedIn update to target job seekers.
Paraphrase,Without Context,Make this about-us page more approachable.
Paraphrase,Without Context,Reword this product launch email for a VIP audience.
Paraphrase,Without Context,Paraphrase this brand mission statement for a brochure.
Paraphrase,Without Context,Rewrite this customer feedback for an internal report.
Paraphrase,Without Context,Make this newsletter headline more attention-grabbing.
Paraphrase,Without Context,Reword this survey invitation for higher response rates.
Paraphrase,Light Context,We have a formal press release about our new app. Paraphrase it for a casual blog post.
Paraphrase,Light Context,Our email to clients sounds too technical. Rewrite it in simpler language.
Paraphrase,Light Context,This ad copy feels generic. Make it more creative and catchy.
Paraphrase,Light Context,Our website’s about page is too long. Paraphrase it into a concise summary.
Paraphrase,Light Context,We want to reuse a customer review in our Instagram story. Paraphrase it to fit the platform’s tone.
Paraphrase,Light Context,Our product video script is too formal. Rewrite it for a friendly, conversational style.
Paraphrase,Light Context,We have a humorous tweet. Paraphrase it for a professional LinkedIn post.
Paraphrase,Light Context,Our event invitation is wordy. Rewrite it for clarity and impact.
Paraphrase,Light Context,We want a more positive tone in our customer service reply. Paraphrase accordingly.
Paraphrase,Light Context,Our new ad slogan is too long. Rewrite it to be short and memorable.
Paraphrase,Light Context,The FAQ answer is too technical. Paraphrase it for non-expert customers.
Paraphrase,Light Context,Our apology email is too brief. Rewrite it to sound more sincere.
Paraphrase,Light Context,The blog intro is dull. Paraphrase it to be more engaging.
Paraphrase,Light Context,Our call-to-action is too aggressive. Paraphrase it to be more inviting.
Paraphrase,Light Context,The contest rules are complicated. Rewrite them for clarity.
Paraphrase,Light Context,Our press release uses too much jargon. Paraphrase it for a general audience.
Paraphrase,Light Context,The testimonial is too formal. Rewrite it for a casual review site.
Paraphrase,Light Context,Our email subject is bland. Paraphrase it to boost open rates.
Paraphrase,Light Context,The product description is repetitive. Rewrite it for variety.
Paraphrase,Light Context,Our event summary is too long. Paraphrase it into a short update.
Paraphrase,Light Context,The sales pitch is too pushy. Rewrite it for a softer approach.
Paraphrase,Light Context,Our survey invitation is dull. Paraphrase it to sound more exciting.
Paraphrase,Light Context,The social media post is unclear. Rewrite it for better understanding.
Paraphrase,Light Context,The newsletter intro is too corporate. Paraphrase it for a friendly tone.
Paraphrase,Light Context,Our campaign update is too technical. Rewrite it for a wider audience.
Paraphrase,Light Context,The brand story is too long. Paraphrase it for a short video script.
Paraphrase,Light Context,Our chatbot greeting is boring. Paraphrase it to be more welcoming.
Paraphrase,Light Context,The thank-you letter is too formal. Rewrite it for a casual audience.
Paraphrase,Full Context,We wrote a detailed product guide for our new kitchen appliance. Paraphrase the key instructions into a friendly, easy-to-follow checklist for first-time users.
Paraphrase,Full Context,Our annual report contains a lot of industry jargon. Paraphrase the executive summary so it’s understandable for non-experts and potential investors.
Paraphrase,Full Context,We have a formal apology letter drafted for a shipment error. Paraphrase it to sound more empathetic and customer-focused, while still maintaining professionalism.
Paraphrase,Full Context,Our event invitation email is very wordy. Paraphrase it into a short, punchy message for SMS.
Paraphrase,Full Context,We created a technical product FAQ. Paraphrase the answers for use on social media, making them approachable and engaging.
Paraphrase,Full Context,Our CEO’s announcement about a company merger is too formal. Paraphrase it for an internal staff newsletter in a positive, conversational tone.
Paraphrase,Full Context,We have a legal disclaimer on our website. Paraphrase it so customers can easily understand the main points without legalese.
Paraphrase,Full Context,The campaign results report is dense and data-heavy. Paraphrase the findings as a visually engaging infographic summary.
Paraphrase,Full Context,Our influencer sent a long testimonial. Paraphrase it into a short quote for an ad.
Paraphrase,Full Context,We have a detailed email about a new loyalty program. Paraphrase it for a social media post.
Paraphrase,Full Context,Our user manual is too technical for beginners. Paraphrase the setup section into plain language.
Paraphrase,Full Context,The thank-you letter for event sponsors is too generic. Paraphrase it to highlight specific contributions and make it more personal.
Paraphrase,Full Context,Our product launch press release is lengthy. Paraphrase it into a short pitch for journalists.
Paraphrase,Full Context,The customer service script is stiff. Paraphrase it for a friendly chatbot experience.
Paraphrase,Full Context,Our investor update email is packed with numbers. Paraphrase it for a quick executive summary.
Paraphrase,Full Context,The brand story is written for adults. Paraphrase it for a children’s audience in a fun, simple way.
Paraphrase,Full Context,Our webinar invitation is formal. Paraphrase it for a playful social media post.
Paraphrase,Full Context,The product description is optimized for SEO. Paraphrase it for a print brochure.
Paraphrase,Full Context,Our marketing plan summary is too high-level. Paraphrase it to include specific action steps.
Paraphrase,Full Context,Our campaign apology is too generic. Paraphrase it to address the customer’s specific complaint.
Paraphrase,Full Context,The press release is full of buzzwords. Paraphrase it for a skeptical journalist.
Paraphrase,Full Context,Our team update email is too detailed. Paraphrase it into key bullet points for a meeting.
Paraphrase,Full Context,The product recall notice is alarming. Paraphrase it to be reassuring but clear.
Paraphrase,Full Context,Our annual report is formal. Paraphrase the highlights for a social media carousel.
Paraphrase,Full Context,The brand mission statement is abstract. Paraphrase it for a recruitment ad.
Paraphrase,Full Context,The influencer campaign summary is technical. Paraphrase it for a client presentation.
Paraphrase,Full Context,The event sponsorship proposal is lengthy. Paraphrase it for a quick elevator pitch.
Paraphrase,Full Context,Our customer satisfaction survey invitation is wordy. Paraphrase it for a push notification.
Simulation Role Play as a Character,Without Context,Act as a customer asking about a product return policy.
Simulation Role Play as a Character,Without Context,Role-play as a client giving feedback on a campaign.
Simulation Role Play as a Character,Without Context,Pretend to be a boss requesting a marketing report.
Simulation Role Play as a Character,Without Context,Act as an influencer negotiating a brand deal.
Simulation Role Play as a Character,Without Context,Role-play as a competitor asking about your pricing.
Simulation Role Play as a Character,Without Context,Act as a journalist inquiring about your new launch.
Simulation Role Play as a Character,Without Context,Role-play as a customer complaining about shipping delays.
Simulation Role Play as a Character,Without Context,Act as a satisfied client providing a testimonial.
Simulation Role Play as a Character,Without Context,Role-play as a new hire asking about marketing strategy.
Simulation Role Play as a Character,Without Context,Act as a retail partner asking for promotional materials.
Simulation Role Play as a Character,Without Context,Role-play as a CEO asking for a campaign update.
Simulation Role Play as a Character,Without Context,Act as a customer interested in a loyalty program.
Simulation Role Play as a Character,Without Context,Role-play as a sales rep requesting product info.
Simulation Role Play as a Character,Without Context,Act as a blogger seeking a media kit.
Simulation Role Play as a Character,Without Context,Role-play as a competitor complimenting your ad.
Simulation Role Play as a Character,Without Context,Act as a customer asking about eco-friendly packaging.
Simulation Role Play as a Character,Without Context,Role-play as a sponsor asking for event results.
Simulation Role Play as a Character,Without Context,Act as a team member suggesting a new campaign idea.
Simulation Role Play as a Character,Without Context,Role-play as a customer requesting a bulk order discount.
Simulation Role Play as a Character,Without Context,Act as a client asking for a campaign timeline.
Simulation Role Play as a Character,Without Context,Role-play as a social media follower asking about a giveaway.
Simulation Role Play as a Character,Without Context,Act as a journalist seeking a product sample.
Simulation Role Play as a Character,Without Context,Role-play as a customer asking for a store location.
Simulation Role Play as a Character,Without Context,Act as a distributor asking about exclusive rights.
Simulation Role Play as a Character,Without Context,Role-play as a partner requesting a co-branded event.
Simulation Role Play as a Character,Without Context,Act as a customer asking for a student discount.
Simulation Role Play as a Character,Without Context,Role-play as a blogger asking for affiliate links.
Simulation Role Play as a Character,Without Context,Act as a customer asking about product customization.
Simulation Role Play as a Character,Without Context,Role-play as a competitor asking about your market share.
Simulation Role Play as a Character,Without Context,Act as a client requesting a campaign budget breakdown.
Simulation Role Play as a Character,Light Context,You are a customer who just received the wrong item in your online order. Ask the company how to resolve the issue.
Simulation Role Play as a Character,Light Context,You are a client who is unhappy with the results of a recent ad campaign. Express your concerns and ask for next steps.
Simulation Role Play as a Character,Light Context,You are a boss who needs a weekly progress update from the marketing team. Request the information in a meeting.
Simulation Role Play as a Character,Light Context,You are an influencer who wants higher compensation for a sponsored post. Negotiate with the brand.
Simulation Role Play as a Character,Light Context,You are a journalist interested in the company’s new sustainability initiative. Request an interview with the CEO.
Simulation Role Play as a Character,Light Context,You are a customer who wants to return a defective product. Ask about the return process.
Simulation Role Play as a Character,Light Context,You are a sales partner who needs updated product brochures. Request them from the marketing manager.
Simulation Role Play as a Character,Light Context,You are a new hire on the marketing team. Ask your manager about the company’s target audience.
Simulation Role Play as a Character,Light Context,You are a competitor impressed by a recent campaign. Compliment the team and ask about their creative process.
Simulation Role Play as a Character,Light Context,You are a customer who wants to know if there are any student discounts available. Ask the company representative.
Simulation Role Play as a Character,Light Context,You are a distributor interested in exclusive rights for your region. Write to the brand to start negotiations.
Simulation Role Play as a Character,Light Context,You are a social media follower who saw a giveaway post. Ask how to participate.
Simulation Role Play as a Character,Light Context,You are a partner interested in co-hosting an event. Reach out to the marketing team to discuss options.
Simulation Role Play as a Character,Light Context,You are a client asking for a detailed timeline for your upcoming campaign.
Simulation Role Play as a Character,Light Context,You are a blogger who wants to review the latest product. Request a media kit and sample.
Simulation Role Play as a Character,Light Context,You are a customer who wants to customize a product. Inquire about personalization options.
Simulation Role Play as a Character,Light Context,You are a sponsor who needs event attendance numbers for your records.
Simulation Role Play as a Character,Light Context,You are a customer who received excellent service. Write a testimonial for the brand.
Simulation Role Play as a Character,Light Context,You are a team member suggesting a new campaign idea to the marketing manager.
Simulation Role Play as a Character,Light Context,You are a competitor asking about the company’s approach to influencer marketing.
Simulation Role Play as a Character,Light Context,You are a client requesting a breakdown of the marketing budget for your project.
Simulation Role Play as a Character,Light Context,You are a customer asking if the brand uses eco-friendly packaging.
Simulation Role Play as a Character,Light Context,You are a retailer requesting promotional materials for an in-store display.
Simulation Role Play as a Character,Light Context,You are a press reporter asking about the inspiration behind a new campaign.
Simulation Role Play as a Character,Light Context,You are a customer asking for a bulk order discount.
Simulation Role Play as a Character,Light Context,You are a blogger interested in joining the affiliate program. Ask for more information.
Simulation Role Play as a Character,Light Context,You are a client who wants to know the expected ROI for a planned campaign.
Simulation Role Play as a Character,Light Context,You are a customer asking for the nearest store location.
Simulation Role Play as a Character,Light Context,You are a partner requesting a co-branded marketing event proposal.
Simulation Role Play as a Character,Full Context,You are a customer who ordered a personalized gift for a birthday party, but it arrived late and with the wrong name. Contact customer support to explain the issue and request a replacement before the event date.
Simulation Role Play as a Character,Full Context,You are a client whose campaign launch was delayed due to technical issues. Write to the agency expressing your frustration, asking for an updated timeline, and suggesting compensation for lost time.
Simulation Role Play as a Character,Full Context,You are the CEO of a retail chain who just received a quarterly marketing report that lacks key metrics. Request a revised report with specific data points and a meeting to discuss improvements.
Simulation Role Play as a Character,Full Context,You are an influencer with a large following in the beauty industry. You’ve been offered a collaboration, but the proposed compensation is below market rates. Write to the brand explaining your value and negotiating better terms.
Simulation Role Play as a Character,Full Context,You are a journalist covering sustainability in the fashion industry. You want to interview the CMO about the brand’s new eco-friendly line, and you need details for an article with a tight deadline.
Simulation Role Play as a Character,Full Context,You are a customer who attended a brand’s exclusive launch event and experienced poor service and long wait times. Write a detailed complaint and suggest how the brand can improve future events.
Simulation Role Play as a Character,Full Context,You are a partner retailer who received outdated promotional materials just before a major sale. Contact the brand to request updated materials and compensation for lost sales opportunities.
Simulation Role Play as a Character,Full Context,You are a new marketing manager at a SaaS company. You want to introduce a new campaign idea to the executive team, explaining its potential impact and requesting resources to implement it.
Simulation Role Play as a Character,Full Context,You are a customer interested in ordering a large quantity of branded merchandise for a corporate event. Request a quote, customization options, and information on delivery timelines.
Simulation Role Play as a Character,Full Context,You are a blogger who reviewed a tech gadget and found several flaws. Write to the brand with your honest feedback and ask how they plan to address these issues in future versions.
Simulation Role Play as a Character,Full Context,You are a distributor in Asia interested in exclusive distribution rights for a wellness product. Contact the brand to negotiate terms, discuss marketing support, and clarify territory restrictions.
Simulation Role Play as a Character,Full Context,You are a client who invested in a multi-channel campaign but feels the ROI is lower than expected. Request a detailed performance breakdown and a strategy session to improve future results.
Simulation Role Play as a Character,Full Context,You are a customer who received a damaged product and poor customer service. Write a complaint to the company’s head of marketing, requesting a refund and a gesture of goodwill.
Simulation Role Play as a Character,Full Context,You are a sponsor of a charity marathon and want a detailed report on event attendance, media coverage, and the impact of your sponsorship.
Simulation Role Play as a Character,Full Context,You are a competitor who admires your rival’s recent viral campaign. Reach out to congratulate them and ask about their creative inspiration, while subtly gathering market intelligence.
Simulation Role Play as a Character,Full Context,You are a retailer who wants to launch a joint in-store event with a popular brand. Propose the idea, outlining mutual benefits, marketing support, and suggested dates.
Simulation Role Play as a Character,Full Context,You are a press reporter writing a feature on innovative event marketing. Request an interview with the brand’s event manager and ask for case studies and results.
Simulation Role Play as a Character,Full Context,You are a customer who wants to know if your favorite brand’s new collection is ethically sourced. Ask detailed questions about materials, labor practices, and certifications.
Simulation Role Play as a Character,Full Context,You are a partner who wants to co-host a webinar with a leading SaaS company. Propose the topic, format, and promotional plan, and request a planning meeting.
Simulation Role Play as a Character,Full Context,You are a team member suggesting a radical new campaign idea during a strategy session. Present your idea, anticipate objections, and defend its potential impact.
Simulation Role Play as a Character,Full Context,You are a client who needs a comprehensive breakdown of ad spend, reach, engagement, and conversion metrics for your last campaign. Request the report and a follow-up call to discuss.
Simulation Role Play as a Character,Full Context,You are a customer who is moving overseas and wants to know if the brand ships internationally, what the costs are, and how long delivery takes.
Simulation Role Play as a Character,Full Context,You are a blogger who wants to become an official affiliate for a new tech product. Request program details, commission structure, and marketing materials.
Simulation Role Play as a Character,Full Context,You are a retailer who wants to renegotiate your co-op advertising agreement with a supplier. Request a meeting and propose new terms based on recent sales data.
Simulation Role Play as a Character,Full Context,You are a customer who received a product that didn’t match the online description. Ask for a replacement or refund, and suggest how the company can improve product listings.
Simulation Role Play as a Character,Full Context,You are a partner who wants to propose a cross-promotional campaign for an upcoming festival. Outline your idea and ask for the brand’s input and resources.
Simulation Role Play as a Character,Full Context,You are a journalist writing about the rise of experiential marketing. Request interviews with the brand’s marketing team and ask for recent examples and results.
Simulation Role Play as a Character,Full Context,You are a client who wants to know how your marketing agency plans to adapt your campaign for different international markets. Ask for specific localization strategies.
Simulation Role Play as a Character,Full Context,You are a customer who is visually impaired and wants to know if the company’s website and ads are accessible. Ask about their efforts and request improvements.
Simulation Role Play as a Character,Full Context,You are a partner who wants to create a joint loyalty program with another brand. Propose the concept, highlight benefits, and request a planning session.
Simulation Role Play as a Character,Full Context,You are a competitor who wants to benchmark your influencer marketing results against the industry leader. Request anonymized performance data for comparison.
Reasoning,Without Context,Which marketing channel has the best ROI?
Reasoning,Without Context,Why do influencer campaigns work better for some brands?
Reasoning,Without Context,Which is more effective: email or SMS marketing?
Reasoning,Without Context,Should we focus on brand awareness or lead generation?
Reasoning,Without Context,Why might a B2B campaign underperform compared to B2C?
Reasoning,Without Context,Is it better to run ads on Facebook or LinkedIn?
Reasoning,Without Context,Why do some hashtags trend and others don’t?
Reasoning,Without Context,What makes a call-to-action button successful?
Reasoning,Without Context,Should we prioritize SEO or paid ads for a new website?
Reasoning,Without Context,Why do loyalty programs increase customer retention?
Reasoning,Without Context,Which is more cost-effective: influencer marketing or paid search?
Reasoning,Without Context,Why do email open rates drop over time?
Reasoning,Without Context,What’s the main reason for high bounce rates on landing pages?
Reasoning,Without Context,Should we use short or long-form video content?
Reasoning,Without Context,Why do some referral programs fail?
Reasoning,Without Context,What’s the benefit of a multi-channel campaign?
Reasoning,Without Context,Why do B2B buyers prefer case studies over testimonials?
Reasoning,Without Context,Which is better for engagement: live events or webinars?
Reasoning,Without Context,Why do retargeting ads perform differently on Facebook vs. Google?
Reasoning,Without Context,What makes a marketing message persuasive?
Reasoning,Without Context,Why is personalization important in email marketing?
Reasoning,Without Context,Should we focus on organic or paid social growth?
Reasoning,Without Context,Why do some brands succeed with humor in ads?
Reasoning,Without Context,What’s the risk of over-segmenting an audience?
Reasoning,Without Context,Why do loyalty apps succeed in retail?
Reasoning,Without Context,Why is content repurposing valuable?
Reasoning,Without Context,Should we invest in podcast advertising?
Reasoning,Without Context,Why do some brands avoid TikTok marketing?
Reasoning,Without Context,What’s the logic behind A/B testing?
Reasoning,Without Context,Why do customers abandon online carts?
Reasoning,Light Context,We’re launching a new product in the fitness industry. Which social media platform should we prioritize and why?
Reasoning,Light Context,Our email open rates are dropping. What could be the cause?
Reasoning,Light Context,We have limited budget for Q4. Should we invest in influencer partnerships or Google Ads?
Reasoning,Light Context,Our B2B webinars get more signups than our B2C ones. Why might that be?
Reasoning,Light Context,We’re seeing higher engagement on Instagram Stories than posts. What’s driving this?
Reasoning,Light Context,Our competitor just started a podcast. Should we consider one too?
Reasoning,Light Context,We’re planning a referral program. What are the key success factors?
Reasoning,Light Context,Our click-through rates on display ads are low. What could we improve?
Reasoning,Light Context,We want to switch from weekly to daily newsletters. What are the pros and cons?
Reasoning,Light Context,Our paid social campaigns perform better on weekends. Why is this happening?
Reasoning,Light Context,We’re a SaaS brand with low trial-to-paid conversion. What’s the likely cause?
Reasoning,Light Context,Our retail store’s loyalty program isn’t increasing repeat visits. Why not?
Reasoning,Light Context,We’re considering a pop-up shop. Is this a good strategy for our DTC brand?
Reasoning,Light Context,Our video ads get views but few clicks. What’s missing?
Reasoning,Light Context,We want to segment our email list by purchase history. Is this effective?
Reasoning,Light Context,Our influencer campaign had high reach but low engagement. Why?
Reasoning,Light Context,We’re debating between a brand refresh and a full rebrand. Which is smarter?
Reasoning,Light Context,Our B2B blog gets traffic but few leads. What’s wrong?
Reasoning,Light Context,We want to test a new landing page. What’s the best way to measure success?
Reasoning,Light Context,Our Facebook group is more active than our LinkedIn group. Why?
Reasoning,Light Context,Our app’s push notifications are ignored. What’s the issue?
Reasoning,Light Context,We’re thinking of running a meme-based campaign. What are the risks?
Reasoning,Light Context,Our SMS campaigns have high opt-outs. Why?
Reasoning,Light Context,We’re considering a loyalty app vs. punch card. Which is better?
Reasoning,Light Context,Our holiday campaign did worse than last year. Why?
Reasoning,Light Context,We want to try AR filters on Instagram. What’s the potential impact?
Reasoning,Light Context,Our B2B webinars get low attendance. What should we change?
Reasoning,Light Context,We’re using the same ad creative across channels. Is this a problem?
Reasoning,Light Context,Our newsletter’s click rate is dropping. Why?
Reasoning,Full Context,We’re a SaaS startup targeting small businesses. Our paid search campaigns have high impressions but low conversions. We’ve tested different ad copy and landing pages, but results are flat. Analyze possible reasons for this and suggest next steps to improve conversion rates.
Reasoning,Full Context,Our retail chain is considering a loyalty app versus a traditional punch card system. We have a diverse customer base, limited IT resources, and want to increase repeat visits. Compare the two approaches and recommend the best fit, with justification.
Reasoning,Full Context,We’re a B2B company preparing to launch in a new market. Current competitors have strong relationships and established brands. What strategic marketing moves should we make to gain a foothold, and why?
Reasoning,Full Context,Our e-commerce brand’s influencer campaigns drive a lot of traffic but few sales. We’ve tried different influencers, products, and offers. Analyze what might be going wrong and how to fix it.
Reasoning,Full Context,We manage a chain of quick-serve restaurants. Our in-app offers are popular, but in-store foot traffic is declining. Evaluate the data and recommend a strategy to balance both channels.
Reasoning,Full Context,We’re a B2C subscription service with high trial signups but low paid conversions. Our onboarding emails have a 25% open rate. Identify possible issues and recommend improvements.
Reasoning,Full Context,Our B2B clients complain that our webinars are too basic. We want to increase value and engagement. What content or format changes would you suggest, and why?
Reasoning,Full Context,We’re a non-profit with limited budget. Should we focus on organic social or local PR? Consider our goals of volunteer recruitment and donor engagement.
Reasoning,Full Context,Our fashion brand’s TikTok ads get lots of views but few clicks. We’ve tried different creatives and audiences. What’s likely causing this, and how can we improve?
Reasoning,Full Context,We want to compare the effectiveness of influencer marketing versus paid search for a product launch in the pet care industry. Given our $10k budget and 3-month timeline, which should we choose and why?
Reasoning,Full Context,We’re a SaaS company with a B2B focus. Our monthly webinars have declining registrations despite strong content. What factors could be influencing this, and how should we respond?
Reasoning,Full Context,Our DTC skincare brand is seeing high web traffic from Pinterest but low conversion rates. Analyze possible reasons and recommend a strategy.
Reasoning,Full Context,We’re a regional grocery chain with declining email open rates. We’ve tried new subject lines and segmentation. What else should we test?
Reasoning,Full Context,Our B2B marketing agency’s LinkedIn posts get low engagement compared to competitors. What’s the likely cause, and how do we fix it?
Reasoning,Full Context,We’re a new online marketplace with limited brand recognition. Should we focus on paid ads, organic SEO, or partnerships for initial growth? Provide reasoning.
Reasoning,Full Context,Our e-commerce site’s abandoned cart rate jumped after a recent redesign. Identify possible design issues and suggest fixes.
Reasoning,Full Context,We’re a B2B SaaS company. Should we invest in a branded podcast or a webinar series to build authority? Compare the two options.
Reasoning,Full Context,Our retail brand’s loyalty program has low adoption among Gen Z shoppers. Analyze why and suggest improvements.
Reasoning,Full Context,We’re a non-profit with a small marketing team. Should we prioritize local events or social media campaigns for fundraising?
Reasoning,Full Context,Our restaurant’s delivery sales are up, but dine-in is down. What’s driving this shift, and how should we respond?
Reasoning,Full Context,We’re a B2B software firm. Our trade show leads rarely convert. What’s the likely reason, and what’s a better approach?
Reasoning,Full Context,Our DTC apparel brand’s influencer posts get high engagement but low referral traffic. What’s happening, and what should we try next?
Reasoning,Full Context,We’re a SaaS company with a blog that ranks well but generates few leads. What’s missing in our content strategy?
Reasoning,Full Context,Our fitness app’s push notifications have low opt-in rates. What’s the likely cause, and how can we improve?
Reasoning,Full Context,We’re a B2B firm choosing between industry awards and thought leadership articles for PR. Which is likely to have more impact, and why?
Reasoning,Full Context,Our travel agency’s Facebook ads perform well in summer but poorly in winter. Why, and how can we balance performance year-round?
Reasoning,Full Context,We’re launching a new product. Should we use a pre-order strategy or a surprise drop? Compare the pros and cons.
Reasoning,Full Context,Our SaaS company’s free trial users rarely convert to paid. What’s likely missing from our onboarding?
Trending,Without Context,What’s trending on Instagram right now?
Trending,Without Context,Which TikTok challenges are currently popular?
Trending,Without Context,What seasonal campaigns are brands running this month?
Trending,Without Context,What memes are brands using in their marketing?
Trending,Without Context,Which hashtags are viral in the food industry?
Trending,Without Context,What’s the latest trend in email subject lines?
Trending,Without Context,What’s hot in B2B marketing right now?
Trending,Without Context,Which influencer types are trending for Gen Z?
Trending,Without Context,What’s the top trend in e-commerce ads?
Trending,Without Context,What’s new in video marketing this year?
Trending,Without Context,Which Instagram Reel formats are getting the most engagement?
Trending,Without Context,What’s the latest Facebook ad format trend?
Trending,Without Context,What’s trending in print advertising for retail?
Trending,Without Context,Which LinkedIn post topics are going viral?
Trending,Without Context,What’s the latest meme format brands are using?
Trending,Without Context,What’s the current trend in podcast marketing?
Trending,Without Context,Which emojis are brands using most in captions?
Trending,Without Context,What’s trending in SMS marketing?
Trending,Without Context,What’s the latest trend for email newsletters?
Trending,Without Context,Which TikTok filters are popular for product demos?
Trending,Without Context,What’s a trending visual style for brand logos?
Trending,Without Context,What’s hot in influencer gifting campaigns?
Trending,Without Context,What’s the latest trend in out-of-home advertising?
Trending,Without Context,What’s the new trend in virtual events?
Trending,Without Context,Which hashtags are trending for eco-friendly products?
Trending,Without Context,What’s the latest trend in unboxing videos?
Trending,Without Context,What’s trending in loyalty program promotions?
Trending,Without Context,What’s the new trend in B2B webinars?
Trending,Without Context,Which social media platform just launched a new feature?
Trending,Light Context,Our beauty brand wants to tap into current TikTok audio trends. What should we use?
Trending,Light Context,We’re planning a summer campaign. What seasonal content is popular right now?
Trending,Light Context,Our restaurant wants to join a viral meme trend. Which one fits the food industry?
Trending,Light Context,We sell eco-friendly products. What sustainability hashtags are trending?
Trending,Light Context,Our startup wants to ride the latest LinkedIn buzz. What topics should we cover?
Trending,Light Context,Our email open rates are low. What subject line trends could help?
Trending,Light Context,We’re launching a new sneaker. What’s trending in footwear marketing?
Trending,Light Context,Our travel agency wants to use trending Reels. What’s working for travel brands?
Trending,Light Context,We’re a SaaS company. What’s the current B2B content trend?
Trending,Light Context,We’re launching a wellness app. What health trends are viral on social media?
Trending,Light Context,Our B2B consulting firm wants to use trending LinkedIn formats. What’s hot right now?
Trending,Light Context,We’re running a back-to-school campaign. What’s trending with Gen Z?
Trending,Light Context,Our DTC brand wants to use viral TikTok sounds. Which ones are best?
Trending,Light Context,We’re a pet food brand. What’s trending in pet influencer marketing?
Trending,Light Context,Our law firm wants to use trending memes tastefully. What’s possible?
Trending,Light Context,We’re a SaaS tool. What’s the latest trend in explainer videos?
Trending,Light Context,Our nonprofit wants to use trending donation hashtags. What’s working?
Trending,Light Context,We’re a local retailer. What’s trending in geo-targeted ads?
Trending,Light Context,We want to try a viral dance challenge. Which one is best for our brand?
Trending,Light Context,Our coffee shop wants to use trending Instagram story stickers. Which are most popular?
Trending,Light Context,We’re a B2B agency. What’s trending in virtual networking events?
Trending,Light Context,Our fashion brand wants to use trending color palettes. What’s in style?
Trending,Light Context,We’re launching a podcast. What intro formats are trending?
Trending,Light Context,Our SaaS company wants to use trending Twitter threads. What’s working?
Trending,Light Context,We’re a restaurant with a new dessert. What’s trending in food photography?
Trending,Light Context,Our e-commerce brand wants to do a viral giveaway. What’s trending in mechanics?
Trending,Light Context,We’re launching a subscription box. What unboxing trends are hot?
Trending,Light Context,We’re a B2B startup. What’s the latest trend in LinkedIn ads?
Trending,Light Context,Our wellness brand wants to use trending health memes. What’s popular?
Trending,Full Context,We’re a pet food brand launching a new organic line next month. We want to leverage current TikTok pet trends and viral challenges to maximize reach. Identify the most relevant trends and suggest how we can authentically participate.
Trending,Full Context,Our B2B consulting firm is rebranding. We want to align our LinkedIn content with the latest industry discussions and thought leadership trends. Analyze what’s currently resonating and propose a content approach.
Trending,Full Context,We’re a fashion retailer preparing for a back-to-school campaign. We want to incorporate trending memes and Gen Z humor into our Instagram Stories and ads. Which trends should we use, and how do we keep it authentic?
Trending,Full Context,We’re a restaurant chain launching a limited-edition menu for Halloween. We want to use viral hashtags, trending TikTok audios, and seasonal memes to drive engagement. Which trends fit best, and how should we execute?
Trending,Full Context,Our wellness brand is planning an Earth Day campaign. We want to use trending sustainability topics, visual styles, and user-generated content. Which trends should we focus on, and what’s the best way to encourage participation?
Trending,Full Context,We’re a SaaS company attending a major tech conference. We want to create buzz on Twitter using trending event hashtags and memes. Which ones should we use, and how do we stand out from competitors?
Trending,Full Context,We’re a B2B HR software provider. We want to use current LinkedIn post formats and viral business memes to increase engagement. What’s trending, and how can we adapt it to our brand voice?
Trending,Full Context,We’re a fitness brand launching a new product line. We want to tap into the latest Instagram Reels challenges and fitness memes. Which trends should we leverage, and how can we make our content stand out?
Trending,Full Context,We’re a travel agency launching a campaign for spring break. We want to use trending travel hashtags, viral TikTok sounds, and Instagram carousel formats. Which trends are most effective for our audience?
Trending,Full Context,We’re a non-profit running a Giving Tuesday campaign. We want to use trending donation challenges and visual storytelling techniques. Which trends should we follow, and how do we maximize shareability?
Trending,Full Context,We’re a B2B SaaS startup launching a new product at a major industry event. We want to use trending event hashtags, live tweet threads, and influencer collaborations. Which trends should we include, and how do we drive booth traffic?
Trending,Full Context,We’re a DTC beauty brand launching a summer campaign. We want to use trending Instagram Reels audio, meme formats, and seasonal hashtags. What’s hot and how should we use it?
Trending,Full Context,Our B2B agency is planning a LinkedIn Live series. We want to align with trending topics and formats. What should we focus on for maximum reach?
Trending,Full Context,We’re a restaurant chain with a new vegan menu. We want to use trending food photography styles and TikTok recipe challenges. What’s popular, and how do we get noticed?
Trending,Full Context,Our SaaS company is launching a cybersecurity tool. We want to tap into trending topics on Twitter and LinkedIn. What’s viral in the cybersecurity space, and how do we join the conversation?
Trending,Full Context,We’re a retail brand planning Black Friday. We want to use trending countdown timers, “shop with me” videos, and influencer unboxings. What’s working this year?
Trending,Full Context,We’re a B2B consultancy launching a new research report. We want to use trending LinkedIn carousel posts, infographics, and expert Q&A threads. What’s resonating with B2B audiences now?
Trending,Full Context,We’re a pet care startup launching a subscription box. We want to use trending unboxing videos, pet memes, and Instagram Reels challenges. What’s hot and how do we stand out?
Trending,Full Context,We’re a travel agency launching a “work from anywhere” campaign. We want to use trending digital nomad hashtags, remote work memes, and TikTok travel tips. What’s effective?
Trending,Full Context,We’re a B2B fintech company attending a finance summit. We want to use trending Twitter threads, LinkedIn polls, and live video. What’s trending in finance event marketing?
Caption Generation,Without Context,Write a catchy caption for a product launch.
Caption Generation,Without Context,Give a fun caption for an Instagram Story.
Caption Generation,Without Context,Create a short caption for a Facebook ad.
Caption Generation,Without Context,Write a bold caption for a sale banner.
Caption Generation,Without Context,Make a playful caption for a TikTok video.
Caption Generation,Without Context,Give a witty caption for a new blog post.
Caption Generation,Without Context,Write a caption for a behind-the-scenes photo.
Caption Generation,Without Context,Create a caption for a customer testimonial post.
Caption Generation,Without Context,Write a caption for a holiday promotion.
Caption Generation,Without Context,Give a motivational caption for a Monday post.
Caption Generation,Without Context,Write a caption for a flash sale announcement.
Caption Generation,Without Context,Create a caption for a product restock post.
Caption Generation,Without Context,Write a caption for a referral program invite.
Caption Generation,Without Context,Give a humorous caption for a team photo.
Caption Generation,Without Context,Write a caption for a thank-you post to customers.
Caption Generation,Without Context,Create a caption for a “new in store” post.
Caption Generation,Without Context,Write a caption for a milestone celebration.
Caption Generation,Without Context,Give a caption for a sneak peek teaser.
Caption Generation,Without Context,Create a caption for a customer appreciation post.
Caption Generation,Without Context,Write a caption for a “back in stock” alert.
Caption Generation,Without Context,Give a caption for a community event post.
Caption Generation,Without Context,Write a caption for a “limited edition” release.
Caption Generation,Without Context,Create a caption for a user-generated content post.
Caption Generation,Without Context,Write a caption for a “meet the team” feature.
Caption Generation,Without Context,Give a caption for a product demo video.
Caption Generation,Without Context,Write a caption for a weekend sale.
Caption Generation,Without Context,Create a caption for a countdown post.
Caption Generation,Without Context,Write a caption for a customer review highlight.
Caption Generation,Without Context,Give a caption for a “how it’s made” video.
Caption Generation,Light Context,We’re launching a vegan snack. Write a fun Instagram caption.
Caption Generation,Light Context,Our SaaS tool just got a big update. Create a LinkedIn caption.
Caption Generation,Light Context,We’re hosting a summer sale. Give us a catchy Facebook ad caption.
Caption Generation,Light Context,Our coffee shop is reopening. Write a welcoming caption for Instagram.
Caption Generation,Light Context,We want to promote our new eco-friendly packaging. Suggest a caption for Twitter.
Caption Generation,Light Context,We’re announcing a flash sale for our online store. Write a bold banner caption.
Caption Generation,Light Context,Our client shared a five-star review. Write a caption for a testimonial post.
Caption Generation,Light Context,We’re running a fitness challenge. Suggest a motivating caption.
Caption Generation,Light Context,We’re launching a new podcast episode. Write a teaser caption.
Caption Generation,Light Context,Our team is volunteering at a local charity. Give us a heartwarming caption for LinkedIn.
Caption Generation,Light Context,We’re opening a new store downtown. Write a caption for the grand opening post.
Caption Generation,Light Context,Our restaurant is launching a brunch menu. Suggest a playful Instagram caption.
Caption Generation,Light Context,We’re releasing a limited-edition sneaker. Write a hype caption for Facebook.
Caption Generation,Light Context,Our pet store is having an adoption event. Write a caption to encourage visits.
Caption Generation,Light Context,We’re celebrating our 5th anniversary. Write a thank-you caption for customers.
Caption Generation,Light Context,Our B2B software just won an award. Suggest a LinkedIn post caption.
Caption Generation,Light Context,We’re launching a referral program. Write a caption to invite sign-ups.
Caption Generation,Light Context,Our new product is now available online. Write a “shop now” caption.
Caption Generation,Light Context,We’re hosting a webinar next week. Write a sign-up caption.
Caption Generation,Light Context,Our team just completed a big project. Write a celebration caption.
Caption Generation,Light Context,We’re offering free shipping this weekend. Write a promo caption.
Caption Generation,Light Context,Our coffee shop is launching a new blend. Write a tasting note caption.
Caption Generation,Light Context,We’re highlighting a customer story. Write a heartfelt caption.
Caption Generation,Light Context,Our SaaS platform has a new feature. Write a launch caption for LinkedIn.
Caption Generation,Light Context,We’re running a “tag a friend” contest. Write a caption for Instagram.
Caption Generation,Light Context,Our store is reopening after renovations. Write a welcome back caption.
Caption Generation,Light Context,We’re celebrating hitting 10k followers. Write a gratitude caption.
Caption Generation,Light Context,Our team is at a trade show. Write a booth visit caption.
Caption Generation,Light Context,We’re launching a new app. Write a “download now” caption.
Caption Generation,Full Context,We’re a B2B software company rolling out a new integration with a popular CRM. We want a LinkedIn caption that’s professional but approachable, highlights the integration’s benefits, and encourages clicks to learn more.
Caption Generation,Full Context,We’re a boutique hotel reopening after renovations. Write a playful Instagram caption that emphasizes our new amenities, cozy atmosphere, and invites followers to book a stay.
Caption Generation,Full Context,We’re running a limited-time “Buy One, Give One” campaign for our eco-friendly water bottles. Create a Facebook ad caption that’s energetic, explains the offer, and encourages sharing.
Caption Generation,Full Context,We’re a pet food brand launching a new grain-free formula. Write a TikTok caption that’s funny, appeals to pet owners, and prompts them to comment with their pet’s name.
Caption Generation,Full Context,We’re a law firm celebrating our 20th anniversary. Write a dignified LinkedIn caption that thanks clients, highlights our achievements, and invites comments from past clients.
Caption Generation,Full Context,We’re a travel agency announcing a flash sale on Caribbean cruises. Write a bold, urgent Instagram caption that uses emojis and prompts followers to tag a friend.
Caption Generation,Full Context,We’re a SaaS startup releasing a major security update. Write a reassuring, concise caption for an email banner that builds trust and encourages users to read more.
Caption Generation,Full Context,We’re a fashion brand collaborating with a local artist on a limited collection. Write a creative, artsy caption for a launch post that tags the artist.
Caption Generation,Full Context,We’re a fitness studio hosting a “Bring a Friend Free” week. Write a fun, energetic caption for a Facebook event page.
Caption Generation,Full Context,We’re a non-profit running a Giving Tuesday campaign. Write an inspiring Twitter caption that encourages donations and sharing.
Caption Generation,Full Context,We’re a B2B SaaS company launching a new analytics dashboard. Write a LinkedIn caption that highlights key features and invites demo signups.
Caption Generation,Full Context,We’re a local bakery launching a gluten-free line. Write a warm, inviting Instagram caption for the announcement.
Caption Generation,Full Context,We’re a coffee shop celebrating International Coffee Day. Write a playful caption for a giveaway post.
Caption Generation,Full Context,We’re a pet adoption center highlighting a senior dog. Write a heartfelt caption for Facebook.
Caption Generation,Full Context,We’re a tech startup hosting a virtual hackathon. Write an energetic caption for a LinkedIn event invite.
Caption Generation,Full Context,We’re a restaurant launching a new brunch menu. Write a fun, mouthwatering Instagram caption.
Caption Generation,Full Context,We’re an e-commerce brand celebrating our first year. Write a gratitude-filled caption for a milestone post.
Caption Generation,Full Context,We’re a fashion retailer collaborating with a local artist. Write a creative caption for the launch event.
Caption Generation,Full Context,We’re a SaaS startup celebrating 1,000 customers. Write a LinkedIn caption thanking users and inviting feedback.
Caption Generation,Full Context,We’re a fitness app launching a new challenge. Write a motivating caption for Instagram Stories.
Caption Generation,Full Context,We’re an e-commerce brand launching a holiday gift guide. Write a playful caption for a carousel post.
Caption Generation,Full Context,We’re a B2B agency launching a thought leadership series. Write a LinkedIn caption inviting followers to join.
Caption Generation,Full Context,We’re a children’s bookstore hosting a storytime event. Write a magical caption for Facebook.
Caption Generation,Full Context,We’re a local gym reopening post-renovation. Write a welcoming, energetic caption for Instagram.
Caption Generation,Full Context,We’re a SaaS company introducing a referral program. Write a concise, engaging caption for an email banner.
Caption Generation,Full Context,We’re a travel agency launching a “mystery trip” offer. Write an adventurous caption for Instagram.
Caption Generation,Full Context,We’re a fashion brand launching a Pride Month collection. Write an inclusive, celebratory caption.
Caption Generation,Full Context,We’re a non-profit highlighting a volunteer story. Write a heartfelt caption for LinkedIn.
Caption Generation,Full Context,We’re a B2B company launching a new whitepaper. Write a professional, curiosity-driving LinkedIn caption.
General,Without Context,Give me marketing ideas.
General,Without Context,What’s a good campaign for a new product?
General,Without Context,Suggest ways to increase brand awareness.
General,Without Context,How can I get more followers on Instagram?
General,Without Context,What are some creative email subject lines?
General,Without Context,Give me tips for boosting website traffic.
General,Without Context,What’s a fun way to engage customers offline?
General,Without Context,How can I improve my ad copy?
General,Without Context,Give me ideas for a referral program.
General,Without Context,What’s a unique way to launch a product?
General,Without Context,How can I get more reviews from customers?
General,Without Context,What are some effective B2B marketing tactics?
General,Without Context,Give me ideas for a loyalty program.
General,Without Context,How can I make my brand stand out?
General,Without Context,What’s a creative way to announce a sale?
General,Without Context,How can I increase webinar attendance?
General,Without Context,What are some good holiday marketing ideas?
General,Without Context,How can I use memes in my marketing?
General,Without Context,What’s a good way to collect user-generated content?
General,Without Context,How can I boost my email open rates?
General,Without Context,What are some fun contest ideas?
General,Without Context,How can I get more engagement on Facebook?
General,Without Context,What are some unique event marketing ideas?
General,Without Context,How can I improve my SEO?
General,Without Context,What’s a good way to launch a podcast?
General,Without Context,How can I make my ads more memorable?
General,Without Context,What’s a creative way to use influencers?
General,Without Context,How can I use video to promote my brand?
General,Without Context,What are some good PR stunts?
General,Without Context,How can I make my brand go viral?
General,Light Context,We’re a local bakery with a small budget. Suggest ways to promote our new cupcakes.
General,Light Context,Our SaaS startup wants to get more leads. What are some creative tactics?
General,Light Context,We’re launching a new podcast. How can we grow our audience?
General,Light Context,Our e-commerce store has low repeat purchases. Suggest retention strategies.
General,Light Context,We want to run a holiday-themed campaign. Give us some ideas.
General,Light Context,We’re a B2B agency looking to stand out on LinkedIn. What can we try?
General,Light Context,Our restaurant wants more reviews online. Suggest ways to encourage customers.
General,Light Context,We’re hosting a webinar next month. How can we maximize attendance?
General,Light Context,We want to increase engagement on our Instagram Stories. Any tips?
General,Light Context,We’re a new brand entering the pet care market. Give us launch ideas.
General,Light Context,Our travel agency wants to attract more solo travelers. Any marketing tips?
General,Light Context,We’re a SaaS company with a new feature. How should we announce it?
General,Light Context,Our fitness studio is reopening. What’s a creative way to spread the word?
General,Light Context,We’re running a referral contest. How can we make it go viral?
General,Light Context,Our nonprofit wants to raise awareness for a cause. Any ideas?
General,Light Context,We’re launching a product for Gen Z. How can we make our campaign stand out?
General,Light Context,Our B2B firm wants to generate more case studies. Any suggestions?
General,Light Context,We’re a coffee shop with slow afternoons. How can we boost sales?
General,Light Context,Our agency wants to try guerrilla marketing. What’s a good idea?
General,Light Context,We’re a SaaS startup with a small team. How can we build brand authority?
General,Light Context,We’re planning a pop-up event. What’s a unique way to promote it?
General,Light Context,Our e-commerce brand wants to use more video. Any creative formats?
General,Light Context,We’re a law firm launching a new service. How should we market it?
General,Light Context,Our fashion brand wants to use TikTok. What’s a good first campaign?
General,Light Context,We’re a gym with a new class. How can we fill spots quickly?
General,Light Context,Our SaaS tool is launching a free trial. How can we drive signups?
General,Light Context,We’re a local business with limited ad budget. What’s the best use?
General,Light Context,Our pet store wants to build a community. Any ideas?
General,Light Context,We’re launching a summer collection. What’s a fun campaign idea?
General,Light Context,We’re a B2B startup with no case studies. How can we build credibility?
General,Full Context,We’re a mid-sized B2B software company with a limited marketing budget, launching a new workflow automation tool. We want to increase demo signups over the next quarter. Suggest a mix of inbound and outbound tactics, including digital and offline channels, with brief explanations for each.
General,Full Context,We’re a regional grocery chain competing with national brands. We want to increase loyalty among millennial shoppers. Suggest creative, low-cost marketing initiatives that fit our brand values and community focus.
General,Full Context,We’re a fitness app targeting busy professionals. Our user base is mostly women aged 30-45. Suggest campaign ideas for New Year’s resolutions that use email, social, and in-app messaging.
General,Full Context,We’re a travel agency specializing in adventure tours. We want to attract more solo travelers aged 25-40. Suggest marketing ideas for Instagram, TikTok, and our blog.
General,Full Context,We’re a SaaS startup with a small team. We want to increase brand awareness in the HR tech space. Suggest a mix of content, PR, and event tactics, with reasons for each.
General,Full Context,We’re a local restaurant with a loyal lunch crowd but slow dinner sales. Suggest ideas to boost dinner traffic, using both digital and in-person marketing.
General,Full Context,We’re an e-commerce brand with a new subscription box for pet owners. Suggest launch ideas that use influencer partnerships, email, and offline events.
General,Full Context,We’re a non-profit focusing on youth education. We want to increase donations during back-to-school season. Suggest campaign ideas across social, email, and local PR.
General,Full Context,We’re a B2B consulting firm launching a new service. We want to reach decision-makers at mid-sized companies. Suggest outreach and content ideas.
General,Full Context,We’re a fashion retailer opening a new flagship store in a major city. Suggest launch event ideas, influencer collaborations, and post-launch follow-up tactics.
General,Full Context,We’re a SaaS company with a niche product for accountants. We want to increase awareness and drive trial signups. Suggest creative tactics across paid, owned, and earned channels.
General,Full Context,We’re a local gym with a new personal training program. Suggest ways to attract signups using social, email, and partnerships.
General,Full Context,We’re a B2B SaaS startup with a limited content library. Suggest a plan to build authority quickly.
General,Full Context,We’re a pet food brand launching in a new region. Suggest integrated marketing ideas for awareness and trial.
General,Full Context,We’re a DTC skincare brand with a small budget. Suggest creative ways to leverage user-generated content and micro-influencers.
General,Full Context,We’re a law firm launching a new website. Suggest ways to drive traffic and generate leads.
General,Full Context,We’re a travel agency specializing in group tours. Suggest campaign ideas for Facebook, Instagram, and local events.
General,Full Context,We’re a B2B fintech company launching a whitepaper. Suggest tactics for generating downloads and qualified leads.
General,Full Context,We’re a children’s bookstore with a new loyalty program. Suggest ways to drive signups and repeat visits.
General,Full Context,We’re a SaaS tool for marketers with a new reporting feature. Suggest announcement and adoption strategies.
General,Full Context,We’re a restaurant chain launching a plant-based menu. Suggest campaign ideas for social, email, and in-store.
General,Full Context,We’re a B2B agency with a new podcast. Suggest ways to grow listenership and drive leads.
General,Full Context,We’re a non-profit with a Giving Tuesday campaign. Suggest engaging content ideas for email and social.
General,Full Context,We’re a fashion retailer launching a back-to-school collection. Suggest integrated campaign ideas for Instagram, TikTok, and email.
General,Full Context,We’re a SaaS startup with a new integration. Suggest ways to educate users and drive adoption.
General,Full Context,We’re a local retailer with a new loyalty app. Suggest ways to promote downloads and ongoing use.
General,Full Context,We’re a B2B software company attending a major trade show. Suggest pre-event, at-event, and post-event marketing ideas.
General,Full Context,We’re a fitness studio launching a “bring a friend free” week. Suggest ways to maximize participation.
General,Full Context,We’re an e-commerce brand with a new ambassador program. Suggest ways to recruit and activate ambassadors.
Marketing Planning,Without Context,Create a marketing plan for a product launch.
Marketing Planning,Without Context,Develop a 3-month content calendar.
Marketing Planning,Without Context,Outline a campaign strategy for a new service.
Marketing Planning,Without Context,Build a timeline for a holiday marketing campaign.
Marketing Planning,Without Context,Create a multi-channel campaign plan.
Marketing Planning,Without Context,Write a strategy for boosting email signups.
Marketing Planning,Without Context,Develop a plan for influencer marketing.
Marketing Planning,Without Context,Make a checklist for launching a referral program.
Marketing Planning,Without Context,Build a marketing plan for a B2B event.
Marketing Planning,Without Context,Outline steps for a successful rebranding.
Marketing Planning,Without Context,Create a launch plan for a new app.
Marketing Planning,Without Context,Develop a calendar for weekly blog posts.
Marketing Planning,Without Context,Write a plan for a seasonal sales campaign.
Marketing Planning,Without Context,Create a roadmap for expanding into a new market.
Marketing Planning,Without Context,Develop a strategy for increasing webinar attendance.
Marketing Planning,Without Context,Build a plan for launching a loyalty program.
Marketing Planning,Without Context,Write a plan for a user-generated content campaign.
Marketing Planning,Without Context,Develop a strategy for growing a podcast audience.
Marketing Planning,Without Context,Outline a plan for a virtual event.
Marketing Planning,Without Context,Create a marketing plan for a B2C product.
Marketing Planning,Without Context,Build a content calendar for Instagram.
Marketing Planning,Without Context,Write a plan for a flash sale campaign.
Marketing Planning,Without Context,Develop a strategy for PR outreach.
Marketing Planning,Without Context,Create a plan for a referral contest.
Marketing Planning,Without Context,Build a marketing plan for a nonprofit fundraiser.
Marketing Planning,Without Context,Write a plan for an influencer gifting campaign.
Marketing Planning,Without Context,Develop a calendar for email marketing.
Marketing Planning,Without Context,Create a plan for a product restock campaign.
Marketing Planning,Without Context,Build a strategy for a back-to-school campaign.
Marketing Planning,Without Context,Outline a plan for a store grand opening.
Marketing Planning,Light Context,We’re launching a fitness app next month. Outline a 4-week campaign plan.
Marketing Planning,Light Context,Our retail store wants to run a summer sale. Build a timeline and content calendar.
Marketing Planning,Light Context,We want to boost our YouTube channel. Develop a 2-month strategy.
Marketing Planning,Light Context,Our SaaS tool is releasing a major update. Create a multi-channel launch plan.
Marketing Planning,Light Context,We’re hosting a charity gala. Develop a marketing plan to maximize attendance.
Marketing Planning,Light Context,We want to increase newsletter subscribers. Outline a campaign strategy.
Marketing Planning,Light Context,Our agency is rebranding. Create a plan for announcement and rollout.
Marketing Planning,Light Context,We’re launching a new skincare product. Build a 6-week marketing calendar.
Marketing Planning,Light Context,Our B2B company is attending a trade show. Develop a pre- and post-event plan.
Marketing Planning,Light Context,We want to run a referral contest. Make a step-by-step campaign plan.
Marketing Planning,Light Context,Our restaurant is launching a brunch menu. Build a campaign plan for the first month.
Marketing Planning,Light Context,We’re a SaaS startup with a new feature. Create a 30-day adoption plan.
Marketing Planning,Light Context,We want to launch a podcast. Develop a content and promotion calendar.
Marketing Planning,Light Context,Our e-commerce brand is running a holiday sale. Build a 3-week campaign timeline.
Marketing Planning,Light Context,We’re planning a virtual summit. Outline a marketing and content plan.
Marketing Planning,Light Context,Our fashion brand is collaborating with an artist. Develop a launch campaign plan.
Marketing Planning,Light Context,We want to grow our LinkedIn following. Build a content calendar and engagement plan.
Marketing Planning,Light Context,We’re a B2B SaaS company launching a whitepaper. Create a distribution and promotion plan.
Marketing Planning,Light Context,We want to increase app downloads. Develop a multi-channel campaign plan.
Marketing Planning,Light Context,Our gym is reopening after renovations. Build a 2-week marketing plan.
Marketing Planning,Light Context,We’re launching a new loyalty program. Create a rollout and engagement strategy.
Marketing Planning,Light Context,We want to expand into a new city. Build a market entry marketing plan.
Marketing Planning,Light Context,Our nonprofit is running a Giving Tuesday campaign. Outline a 1-month plan.
Marketing Planning,Light Context,We’re a SaaS company launching a referral program. Build a 3-step campaign plan.
Marketing Planning,Light Context,Our pet store is running an adoption event. Develop a marketing calendar.
Marketing Planning,Light Context,We want to increase webinar signups. Build a 4-week email and social plan.
Marketing Planning,Light Context,Our e-commerce brand is launching a subscription box. Create a launch and retention plan.
Marketing Planning,Light Context,We’re attending an industry conference. Build a plan for lead generation before, during, and after the event.
Marketing Planning,Full Context,We’re a DTC beverage brand launching a new sparkling water line in 3 months. Develop a comprehensive marketing plan including pre-launch teasers, influencer outreach, retail partnerships, and digital ad campaigns. Include a timeline and KPIs.
Marketing Planning,Full Context,We’re a SaaS company with a new HR tool for small businesses. Build a 90-day go-to-market plan with content, webinars, paid ads, and sales enablement materials. Include key milestones and metrics.
Marketing Planning,Full Context,Our non-profit is planning a Giving Tuesday campaign. Develop a detailed multi-channel marketing plan covering email, social, press, and local partnerships. Include a content calendar and engagement goals.
Marketing Planning,Full Context,We’re a restaurant chain launching a plant-based menu. Create a 2-month campaign plan with influencer tastings, press outreach, and in-store promotions. Include a timeline and expected outcomes.
Marketing Planning,Full Context,We’re an e-commerce store launching a subscription box for pet toys. Develop a 6-week launch plan covering influencer marketing, email, paid social, and unboxing video campaigns. Include KPIs for each channel.
Marketing Planning,Full Context,We’re a B2B agency rebranding and relaunching our website. Build a phased marketing plan including teaser content, launch day activities, and post-launch follow-up. Include a detailed timeline.
Marketing Planning,Full Context,We’re a travel agency specializing in adventure tours. Develop a 3-month seasonal campaign plan for spring, including blog content, Instagram Reels, and partnerships with travel influencers.
Marketing Planning,Full Context,We’re a SaaS startup launching an AI-powered analytics tool. Create a go-to-market strategy with webinars, email sequences, and LinkedIn outreach. Include a content calendar and lead gen targets.
Marketing Planning,Full Context,We’re a retail brand opening a new flagship store. Build a launch campaign plan covering PR, influencer events, local advertising, and post-launch follow-up. Include a week-by-week timeline.
Marketing Planning,Full Context,We’re a B2B software company exhibiting at a major industry conference in 2 months. Develop a pre-event, at-event, and post-event marketing plan, including outreach, booth engagement tactics, and lead nurturing steps.
Marketing Planning,Full Context,We’re a SaaS company launching a new integration. Build a 30-day campaign plan covering email, webinars, and partner marketing. Include KPIs.
Marketing Planning,Full Context,We’re a DTC apparel brand launching a limited collection. Create a 6-week campaign plan with influencer seeding, social teasers, and launch events.
Marketing Planning,Full Context,We’re a nonprofit with a 6-month fundraising goal. Develop a detailed marketing plan with monthly milestones and multi-channel tactics.
Marketing Planning,Full Context,We’re a B2B SaaS company launching a new customer success platform. Build a 90-day go-to-market plan with webinars, case studies, and targeted ads.
Marketing Planning,Full Context,We’re a local restaurant launching a weekend brunch. Create a 4-week marketing plan with email, social, and local PR.
Marketing Planning,Full Context,We’re a pet care brand launching in a new country. Build a 3-month market entry plan with influencer outreach and in-store activations.
Marketing Planning,Full Context,We’re a SaaS company with a new feature for enterprise users. Develop a campaign plan with account-based marketing, webinars, and email.
Marketing Planning,Full Context,We’re a B2B agency launching a thought leadership series. Build a 12-week content and promotion plan.
Marketing Planning,Full Context,We’re a fitness studio opening a new location. Create a 2-month launch plan with local events and digital ads.
Marketing Planning,Full Context,We’re an e-commerce brand with a new ambassador program. Develop a 3-month plan for recruitment, training, and activation.
Marketing Planning,Full Context,We’re a SaaS startup with a limited marketing team. Build a 90-day plan for content creation, distribution, and lead gen.
Marketing Planning,Full Context,We’re a local retailer launching a loyalty app. Develop a 6-week plan for app downloads and repeat purchases.
Marketing Planning,Full Context,We’re a B2B SaaS company hosting a virtual summit. Build a marketing plan for pre-event, live, and post-event engagement.
Marketing Planning,Full Context,We’re a travel agency launching a “mystery trip” offer. Create a 4-week campaign plan with teasers, influencer content, and email.
Marketing Planning,Full Context,We’re a DTC brand launching a holiday collection. Build a 2-month marketing plan with influencer partnerships and gift guides.
Marketing Planning,Full Context,We’re a B2B firm with a new whitepaper. Develop a 6-week campaign plan for lead gen, content, and follow-up.
Marketing Planning,Full Context,We’re a fitness app launching a New Year challenge. Create a 5-week plan for social, email, and partner marketing.
Marketing Planning,Full Context,We’re a SaaS company launching a freemium model. Build a 3-month campaign plan for user acquisition and upsell.