type,contextLevel,sentence
"Paper Work","Without Context","ช่วยร่าง press release สำหรับสินค้าใหม่ที่เน้นเทรนด์การตลาดปีนี้"
"Paper Work","Without Context","สร้าง proposal สำหรับ partnership ที่เกี่ยวข้องกับ awareness campaign"
"Paper Work","Without Context","เขียนเอกสารประชาสัมพันธ์เปิดตัวแอปใหม่ พร้อม reasoning จุดเด่น"
"Paper Work","Without Context","ช่วยจัดทำเอกสารสรุปผลการประชุมที่พูดถึง caption generation"
"Paper Work","Without Context","ขอแบบฟอร์ม proposal สำหรับขอความร่วมมือกับ influencer ใน trending campaign"
"Paper Work","Without Context","เขียน press release เปิดตัวบ้านเดี่ยวใหม่พร้อมสรุปข้อดีด้าน location"
"Paper Work","Without Context","ร่าง proposal สำหรับกิจกรรม simulation role play ในงานอีเวนต์"
"Paper Work","Without Context","ช่วยเขียนเอกสารสรุปเทรนด์การตลาดปีล่าสุดสำหรับทีมงาน"
"Paper Work","Without Context","เขียน press release สำหรับเปิดตัวสินค้าแฟชั่นใหม่โดยเน้น reasoning"
"Paper Work","Without Context","ร่าง proposal สำหรับขอร่วมมือกับโรงเรียนใน marketing campaign"
"Paper Work","Without Context","ช่วยเขียน press release สำหรับสินค้า gadget ที่ต้องพรีเซนต์ใน simulation role play"
"Paper Work","Without Context","ขอ proposal สำหรับทำ partnership ร่วมกับบริษัทอสังหาฯ ที่เน้น awareness"
"Paper Work","Without Context","เขียน press release สำหรับแคมเปญใหม่ที่ต้องมี caption สั้นๆ"
"Paper Work","Without Context","ช่วยร่าง proposal สำหรับกิจกรรม trending ในวงการอาหาร"
"Paper Work","Without Context","เขียนเอกสารสรุปผลการประชุมที่มีการพูดถึง reasoning ด้านการตลาด"
"Paper Work","Without Context","ร่าง press release สำหรับเปิดตัว online course ที่เน้นเทรนด์การศึกษา"
"Paper Work","Without Context","ขอ proposal สำหรับกิจกรรมจำลองเหตุการณ์ใน marketing planning"
"Paper Work","Without Context","ช่วยเขียน press release สำหรับโปรโมทบ้านเดี่ยวโดยใช้ caption ที่ดึงดูด"
"Paper Work","Without Context","ร่าง proposal สำหรับขอความร่วมมือจัด event ด้านสุขภาพที่เน้น reasoning"
"Paper Work","Without Context","ช่วยเขียนเอกสารประชาสัมพันธ์เปิดตัวสินค้าใหม่ที่มีเทรนด์ caption generation"
"Paper Work","Light Context","บริษัทแฟชั่นต้องการเปิดตัวสินค้าใหม่และอยากได้ press release ที่เน้นสรุปจุดเด่นของสินค้าและ reasoning เทรนด์แฟชั่น ช่วยเขียนให้หน่อย"
"Paper Work","Light Context","ทีมงานต้องการ proposal ความร่วมมือกับบริษัทเทคโนโลยี โดยขอให้มีส่วนของ caption generation สำหรับ awareness campaign ด้วย"
"Paper Work","Light Context","บริษัทอสังหาฯ กำลังวางแผน simulation role play เปิดตัวโครงการใหม่ อยากได้เอกสารประชาสัมพันธ์ที่เน้นจุดขาย"
"Paper Work","Light Context","ขอเอกสารสรุปผลการประชุมที่มีทั้ง trending campaign และเหตุผลในการเลือกช่องทางการตลาด"
"Paper Work","Light Context","บริษัทอาหารต้องการ proposal สำหรับ partnership กับ influencer โดยขอ reasoning จุดขายของสินค้า"
"Paper Work","Light Context","ร้านอาหารใหม่ต้องการ press release ที่มีทั้งสรุปและ caption สั้นๆ สำหรับ awareness campaign"
"Paper Work","Light Context","ขอ proposal สำหรับจัดกิจกรรม simulation role play เพื่อเสริมสร้าง engagement ในแคมเปญใหม่"
"Paper Work","Light Context","บริษัทเทคโนโลยีต้องการเอกสารประชาสัมพันธ์เปิดตัวแอปใหม่โดยเน้นเทรนด์ reasoning"
"Paper Work","Light Context","แบรนด์สุขภาพต้องการ proposal สำหรับความร่วมมือกับโรงพยาบาล โดยขอให้มีสรุปจุดเด่นของแคมเปญ"
"Paper Work","Light Context","ขอ press release สำหรับเปิดตัวคอร์สเรียนออนไลน์ที่มี caption generation เป็นจุดเด่น"
"Paper Work","Light Context","บริษัทอสังหาฯ ต้องการ proposal สำหรับ partnership กับโรงเรียนและขอ reasoning จุดขาย"
"Paper Work","Light Context","ขอเอกสารสรุปผลประชุมเกี่ยวกับการวางแผน marketing ที่เน้น simulation role play"
"Paper Work","Light Context","ร้านอาหารต้องการ press release สำหรับเมนูใหม่ที่มีเทรนด์ caption generation"
"Paper Work","Light Context","ขอ proposal สำหรับแคมเปญ awareness ที่ต้องมี simulation role play ในงานเปิดตัว"
"Paper Work","Light Context","บริษัทแฟชั่นต้องการเอกสารประชาสัมพันธ์เปิดตัวสินค้าใหม่ที่มี reasoning เทรนด์แฟชั่น"
"Paper Work","Light Context","ขอ proposal สำหรับความร่วมมือจัด event ที่มี trending caption generation"
"Paper Work","Light Context","บริษัทเทคโนโลยีต้องการ press release สำหรับ gadget ใหม่ที่ต้องพรีเซนต์ในกิจกรรม role play"
"Paper Work","Light Context","ขอเอกสารสรุปผลการประชุมเกี่ยวกับการวางแผน marketing และ caption generation"
"Paper Work","Light Context","บริษัทอสังหาฯ ต้องการ proposal สำหรับ partnership กับ influencer ที่เน้น simulation role play"
"Paper Work","Light Context","ร้านอาหารต้องการ press release สำหรับแคมเปญใหม่ที่มี reasoning และ caption generation"
"Paper Work","Full Context","บริษัทแฟชั่นจะเปิดตัวคอลเลกชันใหม่โดยมีการจัด simulation role play ในงานเปิดตัว ต้องการ press release ที่สรุปจุดเด่นของสินค้า มี reasoning และ caption generation สำหรับโปรโมท ช่วยเขียนให้หน่อย"
"Paper Work","Full Context","บริษัทเทคโนโลยีต้องการ proposal สำหรับ partnership กับ influencer โดยต้องมีส่วนที่สรุปเทรนด์ reasoning และเน้น awareness campaign ผ่าน caption generation"
"Paper Work","Full Context","ร้านอาหารใหม่จะจัด event เปิดตัวเมนูใหม่โดยมีการจำลองสถานการณ์ (simulation role play) ในงาน ต้องการเอกสารประชาสัมพันธ์ที่เน้นจุดเด่นของเมนูและ reasoning เทรนด์อาหาร"
"Paper Work","Full Context","บริษัทอสังหาฯ กำลังวางแผนเปิดตัวโครงการใหม่ โดยมีการจัด simulation role play และต้องการ proposal สำหรับขอความร่วมมือกับโรงเรียนที่มี reasoning จุดเด่นของโครงการ"
"Paper Work","Full Context","ทีมงานต้องการ press release สำหรับเปิดตัวแอปใหม่ที่เน้นเทรนด์ caption generation และ reasoning จุดขายของแอปเพื่อ awareness campaign"
"Paper Work","Full Context","บริษัทสุขภาพจะเปิดตัวสินค้าใหม่ในงานที่มี simulation role play และต้องการ proposal สำหรับ partnership กับโรงพยาบาลโดยขอ reasoning จุดเด่นของสินค้า"
"Paper Work","Full Context","ร้านอาหารต้องการเอกสารประชาสัมพันธ์สำหรับ event เปิดตัวเมนูใหม่ที่มี trending caption generation และ reasoning จุดขาย"
"Paper Work","Full Context","บริษัทแฟชั่นจะจัด simulation role play ในงานเปิดตัวสินค้าใหม่ ต้องการ proposal สำหรับ partnership กับ influencer ที่เน้น awareness campaign"
"Paper Work","Full Context","ขอ press release สำหรับเปิดตัวคอร์สเรียนออนไลน์ที่มี simulation role play และ reasoning จุดเด่นของคอร์ส"
"Paper Work","Full Context","บริษัทเทคโนโลยีต้องการ proposal สำหรับกิจกรรม simulation role play ที่จะจัดในงานเปิดตัว gadget ใหม่ พร้อม reasoning จุดขาย"
"Paper Work","Full Context","บริษัทอสังหาฯ จะเปิดตัวบ้านเดี่ยวใหม่โดยมี simulation role play ในงาน ต้องการเอกสารประชาสัมพันธ์ที่มี caption generation และ reasoning จุดเด่น"
"Paper Work","Full Context","ทีมงานต้องการ proposal สำหรับ partnership กับบริษัทแฟชั่น โดยขอ reasoning จุดขายและ trending caption generation"
"Paper Work","Full Context","ร้านอาหารจะจัด simulation role play ในงานเปิดตัวเมนูใหม่ ต้องการ press release ที่เน้น reasoning จุดขายและ awareness"
"Paper Work","Full Context","บริษัทสุขภาพจะเปิดตัวสินค้าใหม่ในงานที่มี simulation role play ต้องการ proposal สำหรับ partnership กับ influencer ที่เน้น caption generation"
"Paper Work","Full Context","บริษัทเทคโนโลยีต้องการเอกสารประชาสัมพันธ์สำหรับเปิดตัวแอปใหม่ที่มี simulation role play และ reasoning"
"Paper Work","Full Context","บริษัทอสังหาฯ จะเปิดตัวโครงการใหม่โดยมี simulation role play ในงาน ต้องการ proposal สำหรับ partnership กับโรงเรียนที่เน้น awareness campaign"
"Paper Work","Full Context","ร้านอาหารต้องการ press release สำหรับเปิดตัวเมนูใหม่ที่มี trending caption generation และ reasoning จุดเด่น"
"Paper Work","Full Context","บริษัทแฟชั่นจะจัด simulation role play ในงานเปิดตัวสินค้าใหม่ ต้องการ proposal สำหรับ partnership กับ influencer ที่เน้น reasoning"
"Paper Work","Full Context","ขอเอกสารประชาสัมพันธ์สำหรับเปิดตัวคอร์สเรียนออนไลน์ที่มี simulation role play และ reasoning จุดเด่นของคอร์ส"
"Paper Work","Full Context","บริษัทเทคโนโลยีต้องการ proposal สำหรับกิจกรรม simulation role play ที่จะจัดในงานเปิดตัว gadget ใหม่ พร้อม reasoning จุดขาย"
"Summary","Without Context","สรุปประเด็นสำคัญจาก press release การเปิดตัวสินค้าใหม่ที่มี caption generation โดดเด่น"
"Summary","Without Context","ช่วยสรุปเนื้อหาหลักของ proposal ความร่วมมือกับ influencer ที่เน้น reasoning"
"Summary","Without Context","สรุปบทสนทนาใน simulation role play ที่เกี่ยวกับ marketing planning"
"Summary","Without Context","ช่วยสรุปเทรนด์ใหม่ๆ จากการประชุมที่มีการพูดถึง awareness campaign"
"Summary","Without Context","สรุปไอเดีย caption generation จากเอกสารประชาสัมพันธ์สินค้าแฟชั่น"
"Summary","Without Context","ช่วยสรุปแผน marketing ที่มีการใช้ trending campaign และ reasoning"
"Summary","Without Context","สรุปเนื้อหาหลักของ press release เปิดตัวโครงการบ้านเดี่ยว"
"Summary","Without Context","ช่วยสรุปบทบาทใน simulation role play ที่เกี่ยวข้องกับการวางแผนกลยุทธ์"
"Summary","Without Context","สรุปข้อดีข้อเสียจาก proposal ความร่วมมือกับบริษัทเทคโนโลยี"
"Summary","Without Context","ช่วยสรุปเนื้อหาหลักจากเอกสาร marketing planning ที่มี trending caption"
"Summary","Without Context","สรุปประเด็นหลักจาก press release เปิดตัวแอปใหม่ที่ใช้ reasoning"
"Summary","Without Context","ช่วยสรุปเนื้อหา proposal สำหรับ campaign awareness ที่มี simulation role play"
"Summary","Without Context","สรุปข้อเสนอจากเอกสาร partnership ที่เน้น caption generation"
"Summary","Without Context","ช่วยสรุปเทรนด์ caption generation จากการประชุมทีม marketing"
"Summary","Without Context","สรุปสาระสำคัญจาก press release เปิดตัวสินค้าใหม่ในงาน simulation role play"
"Summary","Without Context","ช่วยสรุปเนื้อหาหลักของ proposal สำหรับกิจกรรม trending campaign"
"Summary","Without Context","สรุปข้อดีของการใช้ simulation role play ใน marketing planning"
"Summary","Without Context","ช่วยสรุปเนื้อหา proposal สำหรับ partnership กับโรงเรียน"
"Summary","Without Context","สรุปประเด็นสำคัญจาก press release เปิดตัวบ้านเดี่ยวที่เน้น reasoning"
"Summary","Without Context","ช่วยสรุปเนื้อหาหลักของ proposal สำหรับ awareness campaign"
"Summary","Light Context","บริษัทแฟชั่นจัดประชุมเรื่องการเปิดตัวคอลเลกชันใหม่โดยมี simulation role play และ caption generation ช่วยสรุปประเด็นสำคัญ"
"Summary","Light Context","ทีมงานกำลังวางแผน partnership กับ influencer สำหรับ trending campaign ช่วยสรุปเนื้อหาหลักของ proposal"
"Summary","Light Context","บริษัทอสังหาฯ มี press release เปิดตัวโครงการใหม่ที่เน้น reasoning และ caption generation ช่วยสรุปใจความ"
"Summary","Light Context","ร้านอาหารจัด simulation role play ในงานเปิดตัวเมนูใหม่ ช่วยสรุปบทบาทและประเด็นสำคัญ"
"Summary","Light Context","บริษัทเทคโนโลยีมี proposal ความร่วมมือกับโรงเรียนที่เน้น awareness campaign ช่วยสรุปข้อเสนอหลัก"
"Summary","Light Context","ทีม marketing ได้ประชุมเรื่องการใช้ caption generation ใน trending campaign ช่วยสรุปเนื้อหาหลัก"
"Summary","Light Context","บริษัทแฟชั่นมี press release เปิดตัวสินค้าใหม่โดยเน้น reasoning ช่วยสรุปสาระสำคัญ"
"Summary","Light Context","ร้านอาหารมี proposal สำหรับ partnership กับ influencer ช่วยสรุปจุดเด่นของข้อเสนอ"
"Summary","Light Context","บริษัทอสังหาฯ มี simulation role play ใน marketing planning ช่วยสรุปบทบาทที่สำคัญ"
"Summary","Light Context","ทีมงานประชุมเรื่องการใช้ caption generation ใน press release ช่วยสรุปเนื้อหา"
"Summary","Light Context","บริษัทเทคโนโลยีมี proposal สำหรับ awareness campaign ช่วยสรุปข้อดีข้อเสีย"
"Summary","Light Context","ร้านอาหารจัด simulation role play เพื่อโปรโมทเมนูใหม่ ช่วยสรุปประเด็นหลัก"
"Summary","Light Context","บริษัทแฟชั่นมี press release สำหรับคอลเลกชันใหม่ ช่วยสรุปเนื้อหาหลัก"
"Summary","Light Context","ทีมงานประชุมเรื่อง trending campaign ช่วยสรุปไอเดียสำคัญ"
"Summary","Light Context","บริษัทอสังหาฯ มี proposal ความร่วมมือกับ influencer ช่วยสรุปเนื้อหาหลัก"
"Summary","Light Context","ร้านอาหารมี simulation role play ใน awareness campaign ช่วยสรุปบทบาทสำคัญ"
"Summary","Light Context","บริษัทเทคโนโลยีมี press release เปิดตัว gadget ใหม่ ช่วยสรุปสาระสำคัญ"
"Summary","Light Context","ทีมงาน marketing วางแผน caption generation สำหรับ trending campaign ช่วยสรุปเนื้อหา"
"Summary","Light Context","บริษัทแฟชั่นมี proposal สำหรับ partnership กับ influencer ช่วยสรุปข้อเสนอหลัก"
"Summary","Light Context","ร้านอาหารมี simulation role play เพื่อโปรโมทเมนูใหม่ ช่วยสรุปประเด็นสำคัญ"
"Summary","Full Context","บริษัทแฟชั่นเปิดตัวคอลเลกชันใหม่ มี press release เน้น reasoning และมี simulation role play ในงาน ทีมงานอยากได้สรุปประเด็นสำคัญทั้งหมด"
"Summary","Full Context","บริษัทเทคโนโลยีวางแผน partnership กับ influencer สำหรับ awareness campaign โดยมี proposal ที่เน้น caption generation สรุปข้อดีข้อเสียของข้อเสนอนี้"
"Summary","Full Context","ร้านอาหารจัด simulation role play ในงานเปิดตัวเมนูใหม่ มี press release และ proposal ร่วมกับโรงเรียน ช่วยสรุปบทบาทและเนื้อหาหลัก"
"Summary","Full Context","บริษัทอสังหาฯ เปิดตัวบ้านเดี่ยวใหม่โดยมี press release ที่เน้น reasoning และ proposal partnership กับ influencer สรุปสาระสำคัญ"
"Summary","Full Context","ทีมงานประชุมเรื่องการใช้ caption generation ใน trending campaign มี simulation role play ช่วยสรุปประเด็นสำคัญ"
"Summary","Full Context","บริษัทแฟชั่นมี press release สำหรับสินค้าใหม่และ proposal ความร่วมมือกับ influencer ช่วยสรุปเนื้อหาหลัก"
"Summary","Full Context","ร้านอาหารจัด simulation role play ในงาน awareness campaign มี press release และ proposal ช่วยสรุปบทบาทและเนื้อหาสำคัญ"
"Summary","Full Context","บริษัทเทคโนโลยีมี proposal สำหรับ partnership กับโรงเรียน มี press release เปิดตัวแอปใหม่ ช่วยสรุปข้อดีข้อเสีย"
"Summary","Full Context","บริษัทอสังหาฯ มี press release สำหรับเปิดตัวโครงการใหม่ มี simulation role play ในงาน ช่วยสรุปเนื้อหาหลัก"
"Summary","Full Context","ทีมงานประชุมเรื่องการใช้ caption generation ใน trending campaign มี proposal partnership กับ influencer ช่วยสรุปประเด็นสำคัญ"
"Summary","Full Context","บริษัทแฟชั่นเปิดตัวคอลเลกชันใหม่ มี press release เน้น reasoning และ proposal สำหรับ partnership ช่วยสรุปสาระสำคัญ"
"Summary","Full Context","ร้านอาหารจัด simulation role play ในงาน awareness campaign มี press release และ proposal ช่วยสรุปบทบาทและเนื้อหาสำคัญ"
"Summary","Full Context","บริษัทเทคโนโลยีมี proposal สำหรับ partnership กับโรงเรียน มี press release เปิดตัวแอปใหม่ ช่วยสรุปข้อดีข้อเสีย"
"Summary","Full Context","บริษัทอสังหาฯ มี press release สำหรับเปิดตัวโครงการใหม่ มี simulation role play ในงาน ช่วยสรุปเนื้อหาหลัก"
"Summary","Full Context","ทีมงานประชุมเรื่องการใช้ caption generation ใน trending campaign มี proposal partnership กับ influencer ช่วยสรุปประเด็นสำคัญ"
"Summary","Full Context","บริษัทแฟชั่นเปิดตัวคอลเลกชันใหม่ มี press release เน้น reasoning และ proposal สำหรับ partnership ช่วยสรุปสาระสำคัญ"
"Summary","Full Context","ร้านอาหารจัด simulation role play ในงาน awareness campaign มี press release และ proposal ช่วยสรุปบทบาทและเนื้อหาสำคัญ"
"Summary","Full Context","บริษัทเทคโนโลยีมี proposal สำหรับ partnership กับโรงเรียน มี press release เปิดตัวแอปใหม่ ช่วยสรุปข้อดีข้อเสีย"
"Summary","Full Context","บริษัทอสังหาฯ มี press release สำหรับเปิดตัวโครงการใหม่ มี simulation role play ในงาน ช่วยสรุปเนื้อหาหลัก"
"Summary","Full Context","ทีมงานประชุมเรื่องการใช้ caption generation ใน trending campaign มี proposal partnership กับ influencer ช่วยสรุปประเด็นสำคัญ"
"Paraphrase","Without Context","ช่วยเขียนประโยคใหม่ให้มีความหมายเหมือนกับ press release การเปิดตัวสินค้าใหม่"
"Paraphrase","Without Context","เปลี่ยนข้อความใน proposal ความร่วมมือกับ influencer ให้อ่านง่ายขึ้น"
"Paraphrase","Without Context","ช่วย paraphrase สรุปเนื้อหา simulation role play ใน marketing planning"
"Paraphrase","Without Context","เขียนใหม่ให้ความหมายเหมือนกับ trending campaign awareness"
"Paraphrase","Without Context","ช่วย paraphrase ไอเดีย caption generation จากเอกสารประชาสัมพันธ์"
"Paraphrase","Without Context","เปลี่ยนเนื้อหา proposal สำหรับ partnership กับบริษัทเทคโนโลยีให้อ่านง่ายขึ้น"
"Paraphrase","Without Context","ช่วย paraphrase ข้อดีข้อเสียจาก reasoning ใน press release"
"Paraphrase","Without Context","เขียนใหม่ให้ความหมายเหมือนกับเนื้อหาหลักของ simulation role play"
"Paraphrase","Without Context","ช่วย paraphrase ข้อเสนอใน proposal สำหรับ awareness campaign"
"Paraphrase","Without Context","เปลี่ยนเนื้อหา press release เปิดตัวบ้านเดี่ยวใหม่ให้อ่านง่ายขึ้น"
"Paraphrase","Without Context","ช่วย paraphrase ข้อดีข้อเสียจาก proposal ความร่วมมือกับ influencer"
"Paraphrase","Without Context","เขียนใหม่ให้ความหมายเหมือนกับข้อสรุปจาก simulation role play"
"Paraphrase","Without Context","ช่วย paraphrase เนื้อหา press release สำหรับแคมเปญใหม่"
"Paraphrase","Without Context","เปลี่ยนข้อความใน proposal สำหรับกิจกรรม trending campaign"
"Paraphrase","Without Context","ช่วย paraphrase ข้อดีของการใช้ simulation role play ใน marketing planning"
"Paraphrase","Without Context","เขียนใหม่ให้ความหมายเหมือนกับข้อเสนอใน proposal สำหรับ partnership กับโรงเรียน"
"Paraphrase","Without Context","ช่วย paraphrase ข้อดีข้อเสียจาก press release เปิดตัวบ้านเดี่ยวที่เน้น reasoning"
"Paraphrase","Without Context","เปลี่ยนเนื้อหา proposal สำหรับ awareness campaign ให้อ่านง่ายขึ้น"
"Paraphrase","Without Context","ช่วย paraphrase ข้อดีข้อเสียจาก proposal สำหรับ partnership กับ influencer"
"Paraphrase","Without Context","เขียนใหม่ให้ความหมายเหมือนกับข้อสรุปจาก press release เปิดตัวแอปใหม่"
"Paraphrase","Light Context","บริษัทแฟชั่นต้องการให้ช่วย rewrite ข้อความใน press release เปิดตัวคอลเลกชันใหม่ที่มี simulation role play และ caption generation"
"Paraphrase","Light Context","ทีมงานขอให้ปรับเนื้อหาใน proposal ความร่วมมือกับ influencer สำหรับ trending campaign ให้อ่านง่ายขึ้น"
"Paraphrase","Light Context","บริษัทอสังหาฯ มี press release เปิดตัวโครงการใหม่ที่เน้น reasoning และ caption generation ช่วย paraphrase ข้อความ"
"Paraphrase","Light Context","ร้านอาหารมี simulation role play ในงานเปิดตัวเมนูใหม่ อยากให้ช่วย rewrite บทบาทและประเด็นสำคัญ"
"Paraphrase","Light Context","บริษัทเทคโนโลยีมี proposal ความร่วมมือกับโรงเรียนที่เน้น awareness campaign ช่วย paraphrase ข้อเสนอหลัก"
"Paraphrase","Light Context","ทีม marketing ได้ประชุมเรื่องการใช้ caption generation ใน trending campaign ช่วย rewrite เนื้อหาหลัก"
"Paraphrase","Light Context","บริษัทแฟชั่นมี press release เปิดตัวสินค้าใหม่โดยเน้น reasoning ช่วย paraphrase สาระสำคัญ"
"Paraphrase","Light Context","ร้านอาหารมี proposal สำหรับ partnership กับ influencer ช่วย paraphrase จุดเด่นของข้อเสนอ"
"Paraphrase","Light Context","บริษัทอสังหาฯ มี simulation role play ใน marketing planning ช่วย rewrite บทบาทที่สำคัญ"
"Paraphrase","Light Context","ทีมงานประชุมเรื่องการใช้ caption generation ใน press release ช่วย paraphrase เนื้อหา"
"Paraphrase","Light Context","บริษัทเทคโนโลยีมี proposal สำหรับ awareness campaign ช่วย rewrite ข้อดีข้อเสีย"
"Paraphrase","Light Context","ร้านอาหารจัด simulation role play เพื่อโปรโมทเมนูใหม่ ช่วย paraphrase ประเด็นหลัก"
"Paraphrase","Light Context","บริษัทแฟชั่นมี press release สำหรับคอลเลกชันใหม่ ช่วย rewrite เนื้อหาหลัก"
"Paraphrase","Light Context","ทีมงานประชุมเรื่อง trending campaign ช่วย paraphrase ไอเดียสำคัญ"
"Paraphrase","Light Context","บริษัทอสังหาฯ มี proposal ความร่วมมือกับ influencer ช่วย rewrite เนื้อหาหลัก"
"Paraphrase","Light Context","ร้านอาหารมี simulation role play ใน awareness campaign ช่วย paraphrase บทบาทสำคัญ"
"Paraphrase","Light Context","บริษัทเทคโนโลยีมี press release เปิดตัว gadget ใหม่ ช่วย paraphrase สาระสำคัญ"
"Paraphrase","Light Context","ทีมงาน marketing วางแผน caption generation สำหรับ trending campaign ช่วย rewrite เนื้อหา"
"Paraphrase","Light Context","บริษัทแฟชั่นมี proposal สำหรับ partnership กับ influencer ช่วย paraphrase ข้อเสนอหลัก"
"Paraphrase","Light Context","ร้านอาหารมี simulation role play เพื่อโปรโมทเมนูใหม่ ช่วย rewrite ประเด็นสำคัญ"
"Paraphrase","Full Context","บริษัทแฟชั่นเปิดตัวคอลเลกชันใหม่ มี press release เน้น reasoning และมี simulation role play ในงาน ทีมงานอยากให้ช่วย rewrite ข้อความสำคัญทั้งหมด"
"Paraphrase","Full Context","บริษัทเทคโนโลยีวางแผน partnership กับ influencer สำหรับ awareness campaign โดยมี proposal ที่เน้น caption generation ช่วย paraphrase ข้อดีข้อเสีย"
"Paraphrase","Full Context","ร้านอาหารจัด simulation role play ในงานเปิดตัวเมนูใหม่ มี press release และ proposal ร่วมกับโรงเรียน ช่วย rewrite บทบาทและเนื้อหาหลัก"
"Paraphrase","Full Context","บริษัทอสังหาฯ เปิดตัวบ้านเดี่ยวใหม่โดยมี press release ที่เน้น reasoning และ proposal partnership กับ influencer ช่วย rewrite สาระสำคัญ"
"Paraphrase","Full Context","ทีมงานประชุมเรื่องการใช้ caption generation ใน trending campaign มี simulation role play ช่วย paraphrase ประเด็นสำคัญ"
"Paraphrase","Full Context","บริษัทแฟชั่นมี press release สำหรับสินค้าใหม่และ proposal ความร่วมมือกับ influencer ช่วย rewrite เนื้อหาหลัก"
"Paraphrase","Full Context","ร้านอาหารจัด simulation role play ในงาน awareness campaign มี press release และ proposal ช่วย rewrite บทบาทและเนื้อหาสำคัญ"
"Paraphrase","Full Context","บริษัทเทคโนโลยีมี proposal สำหรับ partnership กับโรงเรียน มี press release เปิดตัวแอปใหม่ ช่วย paraphrase ข้อดีข้อเสีย"
"Paraphrase","Full Context","บริษัทอสังหาฯ มี press release สำหรับเปิดตัวโครงการใหม่ มี simulation role play ในงาน ช่วย rewrite เนื้อหาหลัก"
"Paraphrase","Full Context","ทีมงานประชุมเรื่องการใช้ caption generation ใน trending campaign มี proposal partnership กับ influencer ช่วย paraphrase ประเด็นสำคัญ"
"Paraphrase","Full Context","บริษัทแฟชั่นเปิดตัวคอลเลกชันใหม่ มี press release เน้น reasoning และ proposal สำหรับ partnership ช่วย rewrite สาระสำคัญ"
"Paraphrase","Full Context","ร้านอาหารจัด simulation role play ในงาน awareness campaign มี press release และ proposal ช่วย rewrite บทบาทและเนื้อหาสำคัญ"
"Paraphrase","Full Context","บริษัทเทคโนโลยีมี proposal สำหรับ partnership กับโรงเรียน มี press release เปิดตัวแอปใหม่ ช่วย paraphrase ข้อดีข้อเสีย"
"Paraphrase","Full Context","บริษัทอสังหาฯ มี press release สำหรับเปิดตัวโครงการใหม่ มี simulation role play ในงาน ช่วย rewrite เนื้อหาหลัก"
"Paraphrase","Full Context","ทีมงานประชุมเรื่องการใช้ caption generation ใน trending campaign มี proposal partnership กับ influencer ช่วย paraphrase ประเด็นสำคัญ"
"Paraphrase","Full Context","บริษัทแฟชั่นเปิดตัวคอลเลกชันใหม่ มี press release เน้น reasoning และ proposal สำหรับ partnership ช่วย rewrite สาระสำคัญ"
"Paraphrase","Full Context","ร้านอาหารจัด simulation role play ในงาน awareness campaign มี press release และ proposal ช่วย rewrite บทบาทและเนื้อหาสำคัญ"
"Paraphrase","Full Context","บริษัทเทคโนโลยีมี proposal สำหรับ partnership กับโรงเรียน มี press release เปิดตัวแอปใหม่ ช่วย paraphrase ข้อดีข้อเสีย"
"Paraphrase","Full Context","บริษัทอสังหาฯ มี press release สำหรับเปิดตัวโครงการใหม่ มี simulation role play ในงาน ช่วย rewrite เนื้อหาหลัก"
"Paraphrase","Full Context","ทีมงานประชุมเรื่องการใช้ caption generation ใน trending campaign มี proposal partnership กับ influencer ช่วย paraphrase ประเด็นสำคัญ"
"Simulation Role Play as a Character","Without Context","สมมติว่าคุณเป็นผู้บริหารบริษัทแฟชั่น กำลังพูดในงานเปิดตัวคอลเลกชันใหม่ที่มี press release และ caption generation"
"Simulation Role Play as a Character","Without Context","ลองจำลองบทบาทเป็น influencer ที่ได้รับ proposal ความร่วมมือใน trending campaign"
"Simulation Role Play as a Character","Without Context","สมมติว่าคุณเป็นลูกค้าบ้านเดี่ยวใหม่ที่ได้รับ press release และ reasoning จุดเด่น"
"Simulation Role Play as a Character","Without Context","ลองเล่นบทบาทเป็นเจ้าของร้านอาหารที่ต้องเตรียมเอกสารประชาสัมพันธ์สำหรับ awareness campaign"
"Simulation Role Play as a Character","Without Context","สมมติว่าคุณเป็นนักวางแผน marketing ที่ต้องสรุปเทรนด์ caption generation ในทีม"
"Simulation Role Play as a Character","Without Context","ลองจำลองบทบาทเป็นผู้บริหารบริษัทเทคโนโลยีที่ต้องนำเสนอ proposal สำหรับ partnership"
"Simulation Role Play as a Character","Without Context","สมมติว่าคุณเป็นนักการตลาดที่ต้องสรุปข้อดีข้อเสียของ press release สำหรับสินค้าใหม่"
"Simulation Role Play as a Character","Without Context","ลองเล่นบทบาทเป็นลูกค้าโรงเรียนที่ได้รับ proposal สำหรับ awareness campaign"
"Simulation Role Play as a Character","Without Context","สมมติว่าคุณเป็น influencer ที่ได้รับข้อเสนอ partnership จากบริษัทแฟชั่น"
"Simulation Role Play as a Character","Without Context","ลองจำลองบทบาทเป็นผู้บริหารร้านอาหารที่ต้องจัด simulation role play ในงานเปิดตัวเมนูใหม่"
"Simulation Role Play as a Character","Without Context","สมมติว่าคุณเป็นนักวางแผน marketing ที่ต้อง rewrite ข้อความใน press release"
"Simulation Role Play as a Character","Without Context","ลองเล่นบทบาทเป็นลูกค้าอสังหาฯ ที่ได้รับ press release บ้านเดี่ยวใหม่"
"Simulation Role Play as a Character","Without Context","สมมติว่าคุณเป็นผู้บริหารบริษัทเทคโนโลยีที่ต้องสรุปเนื้อหา proposal สำหรับ partnership"
"Simulation Role Play as a Character","Without Context","ลองจำลองบทบาทเป็น influencer ที่ต้องพรีเซนต์ trending campaign"
"Simulation Role Play as a Character","Without Context","สมมติว่าคุณเป็นเจ้าของร้านอาหารที่ต้อง rewrite ข้อความใน press release"
"Simulation Role Play as a Character","Without Context","ลองเล่นบทบาทเป็นนักวางแผน marketing ที่ต้อง rewrite ข้อความใน proposal"
"Simulation Role Play as a Character","Without Context","สมมติว่าคุณเป็นผู้บริหารบริษัทแฟชั่นที่ต้อง rewrite ข้อความใน press release"
"Simulation Role Play as a Character","Without Context","ลองจำลองบทบาทเป็นลูกค้าโรงเรียนที่ได้รับ proposal สำหรับ awareness campaign"
"Simulation Role Play as a Character","Without Context","สมมติว่าคุณเป็น influencer ที่ได้รับข้อเสนอ partnership จากบริษัทแฟชั่น"
"Simulation Role Play as a Character","Without Context","ลองจำลองบทบาทเป็นผู้บริหารร้านอาหารที่ต้องจัด simulation role play ในงานเปิดตัวเมนูใหม่"
"Simulation Role Play as a Character","Light Context","คุณเป็นนักวางแผน marketing ของบริษัทแฟชั่น ต้องพูดในงานเปิดตัวคอลเลกชันใหม่ที่มี press release และ caption generation ลองสมมติบทสนทนา"
"Simulation Role Play as a Character","Light Context","คุณเป็น influencer ที่ได้รับ proposal ความร่วมมือใน trending campaign ลองจำลองบทบาทและตอบกลับ"
"Simulation Role Play as a Character","Light Context","คุณเป็นลูกค้าบ้านเดี่ยวใหม่ที่ได้รับ press release และ reasoning จุดเด่น ลองสมมติบทสนทนา"
"Simulation Role Play as a Character","Light Context","คุณเป็นเจ้าของร้านอาหารที่ต้องเตรียมเอกสารประชาสัมพันธ์สำหรับ awareness campaign ลองจำลองบทบาท"
"Simulation Role Play as a Character","Light Context","คุณเป็นนักวางแผน marketing ที่ต้องสรุปเทรนด์ caption generation ในทีม ลองสมมติการพูดคุย"
"Simulation Role Play as a Character","Light Context","คุณเป็นผู้บริหารบริษัทเทคโนโลยีที่ต้องนำเสนอ proposal สำหรับ partnership ลองจำลองบทบาท"
"Simulation Role Play as a Character","Light Context","คุณเป็นนักการตลาดที่ต้องสรุปข้อดีข้อเสียของ press release สำหรับสินค้าใหม่ ลองสมมติบทสนทนา"
"Simulation Role Play as a Character","Light Context","คุณเป็นลูกค้าโรงเรียนที่ได้รับ proposal สำหรับ awareness campaign ลองจำลองบทบาท"
"Simulation Role Play as a Character","Light Context","คุณเป็น influencer ที่ได้รับข้อเสนอ partnership จากบริษัทแฟชั่น ลองสมมติการตอบกลับ"
"Simulation Role Play as a Character","Light Context","คุณเป็นผู้บริหารร้านอาหารที่ต้องจัด simulation role play ในงานเปิดตัวเมนูใหม่ ลองจำลองบทบาท"
"Simulation Role Play as a Character","Light Context","คุณเป็นนักวางแผน marketing ที่ต้อง rewrite ข้อความใน press release ลองสมมติการพูดคุย"
"Simulation Role Play as a Character","Light Context","คุณเป็นลูกค้าอสังหาฯ ที่ได้รับ press release บ้านเดี่ยวใหม่ ลองจำลองบทบาท"
"Simulation Role Play as a Character","Light Context","คุณเป็นผู้บริหารบริษัทเทคโนโลยีที่ต้องสรุปเนื้อหา proposal สำหรับ partnership ลองสมมติการนำเสนอ"
"Simulation Role Play as a Character","Light Context","คุณเป็น influencer ที่ต้องพรีเซนต์ trending campaign ลองจำลองบทบาท"
"Simulation Role Play as a Character","Light Context","คุณเป็นเจ้าของร้านอาหารที่ต้อง rewrite ข้อความใน press release ลองสมมติการพูดคุย"
"Simulation Role Play as a Character","Light Context","คุณเป็นนักวางแผน marketing ที่ต้อง rewrite ข้อความใน proposal ลองจำลองบทบาท"
"Simulation Role Play as a Character","Light Context","คุณเป็นผู้บริหารบริษัทแฟชั่นที่ต้อง rewrite ข้อความใน press release ลองสมมติการพูดคุย"
"Simulation Role Play as a Character","Light Context","คุณเป็นลูกค้าโรงเรียนที่ได้รับ proposal สำหรับ awareness campaign ลองจำลองบทบาท"
"Simulation Role Play as a Character","Light Context","คุณเป็น influencer ที่ได้รับข้อเสนอ partnership จากบริษัทแฟชั่น ลองสมมติการตอบกลับ"
"Simulation Role Play as a Character","Light Context","คุณเป็นผู้บริหารร้านอาหารที่ต้องจัด simulation role play ในงานเปิดตัวเมนูใหม่ ลองสมมติบทสนทนา"
"Simulation Role Play as a Character","Full Context","คุณเป็นนักวางแผน marketing ของบริษัทแฟชั่น ต้องพูดในงานเปิดตัวคอลเลกชันใหม่ที่มี press release reasoning และ caption generation ลองสมมติบทสนทนาและตอบคำถามจากผู้ร่วมงาน"
"Simulation Role Play as a Character","Full Context","คุณเป็น influencer ที่ได้รับ proposal ความร่วมมือใน trending campaign และต้องพรีเซนต์ไอเดีย caption generation ลองจำลองบทบาทและตอบกลับ"
"Simulation Role Play as a Character","Full Context","คุณเป็นลูกค้าบ้านเดี่ยวใหม่ที่ได้รับ press release reasoning และ proposal partnership ลองสมมติบทสนทนาในการประชุม"
"Simulation Role Play as a Character","Full Context","คุณเป็นเจ้าของร้านอาหารที่ต้องเตรียมเอกสารประชาสัมพันธ์และจัด simulation role play ในงาน awareness campaign ลองจำลองบทบาทและตอบคำถาม"
"Simulation Role Play as a Character","Full Context","คุณเป็นนักวางแผน marketing ที่ต้องสรุปเทรนด์ caption generation และ rewrite ข้อความใน press release ลองสมมติการพูดคุยในทีม"
"Simulation Role Play as a Character","Full Context","คุณเป็นผู้บริหารบริษัทเทคโนโลยีที่ต้องนำเสนอ proposal สำหรับ partnership และ simulation role play ในงาน ลองจำลองบทบาท"
"Simulation Role Play as a Character","Full Context","คุณเป็นนักการตลาดที่ต้องสรุปข้อดีข้อเสียของ press release สำหรับสินค้าใหม่และ rewrite เนื้อหา proposal ลองสมมติการนำเสนอ"
"Simulation Role Play as a Character","Full Context","คุณเป็นลูกค้าโรงเรียนที่ได้รับ proposal สำหรับ awareness campaign และ press release reasoning ลองจำลองบทบาท"
"Simulation Role Play as a Character","Full Context","คุณเป็น influencer ที่ได้รับข้อเสนอ partnership จากบริษัทแฟชั่นและต้องตอบกลับในงาน simulation role play ลองสมมติการพูดคุย"
"Simulation Role Play as a Character","Full Context","คุณเป็นผู้บริหารร้านอาหารที่ต้องจัด simulation role play ในงานเปิดตัวเมนูใหม่และ rewrite press release reasoning ลองจำลองบทบาทและตอบคำถาม"
"Simulation Role Play as a Character","Full Context","คุณเป็นนักวางแผน marketing ที่ต้อง rewrite ข้อความใน press release และสรุปข้อดีข้อเสียของ proposal ลองสมมติการพูดคุย"
"Simulation Role Play as a Character","Full Context","คุณเป็นลูกค้าอสังหาฯ ที่ได้รับ press release reasoning และ proposal partnership ลองสมมติบทสนทนา"
"Simulation Role Play as a Character","Full Context","คุณเป็นผู้บริหารบริษัทเทคโนโลยีที่ต้องสรุปเนื้อหา proposal สำหรับ partnership และ simulation role play ลองสมมติการนำเสนอ"
"Simulation Role Play as a Character","Full Context","คุณเป็น influencer ที่ต้องพรีเซนต์ trending campaign และ rewrite ข้อความใน proposal ลองจำลองบทบาท"
"Simulation Role Play as a Character","Full Context","คุณเป็นเจ้าของร้านอาหารที่ต้อง rewrite ข้อความใน press release และจัด simulation role play ในงาน awareness campaign ลองสมมติการพูดคุย"
"Simulation Role Play as a Character","Full Context","คุณเป็นนักวางแผน marketing ที่ต้อง rewrite ข้อความใน proposal และสรุปข้อดีข้อเสีย ลองจำลองบทบาท"
"Simulation Role Play as a Character","Full Context","คุณเป็นผู้บริหารบริษัทแฟชั่นที่ต้อง rewrite ข้อความใน press release และพูดในงาน simulation role play ลองสมมติการพูดคุย"
"Simulation Role Play as a Character","Full Context","คุณเป็นลูกค้าโรงเรียนที่ได้รับ proposal สำหรับ awareness campaign และ press release reasoning ลองจำลองบทบาท"
"Simulation Role Play as a Character","Full Context","คุณเป็น influencer ที่ได้รับข้อเสนอ partnership จากบริษัทแฟชั่นและต้องตอบกลับในงาน simulation role play ลองสมมติการพูดคุย"
"Simulation Role Play as a Character","Full Context","คุณเป็นผู้บริหารร้านอาหารที่ต้องจัด simulation role play ในงานเปิดตัวเมนูใหม่และ rewrite press release reasoning ลองจำลองบทบาทและตอบคำถาม"
"Reasoning","Without Context","วิเคราะห์ข้อดีข้อเสียของการใช้ caption generation ใน press release เปิดตัวสินค้าใหม่"
"Reasoning","Without Context","ช่วยให้เหตุผลว่าทำไมการทำ proposal partnership กับ influencer ถึงเหมาะกับ awareness campaign"
"Reasoning","Without Context","อธิบาย reasoning ของการนำ simulation role play มาใช้ใน marketing planning"
"Reasoning","Without Context","เปรียบเทียบข้อดีข้อเสียของ trending campaign กับ general campaign"
"Reasoning","Without Context","ให้เหตุผลว่าทำไมควรใช้ press release ที่เน้นเทรนด์ caption generation"
"Reasoning","Without Context","วิเคราะห์ว่าการสรุปเนื้อหาใน proposal ช่วยเพิ่มประสิทธิภาพ awareness campaign อย่างไร"
"Reasoning","Without Context","อธิบายเหตุผลที่ควรใช้ simulation role play ในการฝึกทีมงาน marketing"
"Reasoning","Without Context","เปรียบเทียบข้อดีของการใช้ reasoning ใน press release กับการใช้ paraphrase"
"Reasoning","Without Context","ให้เหตุผลว่าทำไม partnership proposal ถึงควรมีสรุปข้อดีข้อเสีย"
"Reasoning","Without Context","อธิบายว่าทำไม caption generation ถึงสำคัญต่อ trending campaign"
"Reasoning","Without Context","ช่วย reasoning ว่าทำไมการใช้ press release ที่มี simulation role play ถึงน่าสนใจ"
"Reasoning","Without Context","เปรียบเทียบข้อดีข้อเสียของการสรุปเนื้อหาใน proposal กับการใช้ paraphrase"
"Reasoning","Without Context","ให้เหตุผลว่าทำไม awareness campaign ถึงควรมี caption generation"
"Reasoning","Without Context","อธิบายเหตุผลว่าทำไม partnership กับ influencer ถึงเหมาะกับ press release"
"Reasoning","Without Context","วิเคราะห์ข้อดีข้อเสียของการใช้ simulation role play ใน marketing planning"
"Reasoning","Without Context","ช่วย reasoning ว่าทำไม trending campaign ถึงต้องมีสรุปเนื้อหาชัดเจน"
"Reasoning","Without Context","อธิบายเหตุผลที่ควรใช้ paraphrase ใน press release"
"Reasoning","Without Context","ให้เหตุผลว่าทำไม proposal partnership ถึงควรมี simulation role play"
"Reasoning","Without Context","เปรียบเทียบข้อดีของ caption generation กับ general content ใน awareness campaign"
"Reasoning","Without Context","อธิบายว่าทำไม reasoning ถึงสำคัญใน marketing planning"
"Reasoning","Light Context","บริษัทแฟชั่นต้องการเลือกใช้ระหว่าง press release ที่มี caption generation กับการใช้ simulation role play ใน event ช่วย reasoning ว่าแบบไหนเหมาะกับ awareness campaign"
"Reasoning","Light Context","ทีมงานวางแผน partnership กับ influencer สำหรับ trending campaign ช่วยอธิบาย reasoning ว่าทำไมควรเลือกวิธีนี้"
"Reasoning","Light Context","บริษัทอสังหาฯ กำลังตัดสินใจว่าจะใช้ paraphrase หรือ summary ใน proposal ช่วย reasoning ข้อดีข้อเสีย"
"Reasoning","Light Context","ร้านอาหารเลือกใช้ simulation role play ในงานเปิดตัวเมนูใหม่ ช่วยอธิบายเหตุผลว่าทำไมวิธีนี้ถึงดี"
"Reasoning","Light Context","บริษัทเทคโนโลยีลังเลระหว่างใช้ press release เน้น reasoning กับการสรุปเนื้อหาใน proposal ช่วย reasoning"
"Reasoning","Light Context","ทีม marketing กำลังเลือกใช้ caption generation ใน trending campaign ช่วยอธิบายว่าทำไมถึงควรเลือก"
"Reasoning","Light Context","บริษัทแฟชั่นกำลังวางแผน partnership กับ influencer ช่วย reasoning ว่าทำไมควรมี simulation role play"
"Reasoning","Light Context","ร้านอาหารจะใช้ press release สำหรับ awareness campaign ช่วย reasoning ข้อดีข้อเสีย"
"Reasoning","Light Context","บริษัทอสังหาฯ ต้องการเลือกใช้ summary หรือ paraphrase ใน proposal ช่วย reasoning"
"Reasoning","Light Context","ทีมงานต้องตัดสินใจเลือก caption generation หรือ general content ใน awareness campaign ช่วย reasoning"
"Reasoning","Light Context","บริษัทเทคโนโลยีต้องการใช้ simulation role play ใน marketing planning ช่วย reasoning ว่าทำไมควรเลือก"
"Reasoning","Light Context","ร้านอาหารต้องการใช้ press release ที่มี reasoning ในการเปิดตัวเมนูใหม่ ช่วยอธิบายข้อดี"
"Reasoning","Light Context","บริษัทแฟชั่นลังเลระหว่างใช้ simulation role play กับ proposal partnership ช่วย reasoning"
"Reasoning","Light Context","ทีมงาน marketing ต้องการเลือกใช้ caption generation ใน trending campaign ช่วยอธิบายเหตุผล"
"Reasoning","Light Context","บริษัทอสังหาฯ ต้องการใช้ paraphrase ใน press release ช่วย reasoning ข้อดีข้อเสีย"
"Reasoning","Light Context","ร้านอาหารลังเลระหว่างใช้ summary หรือ paraphrase ใน proposal ช่วย reasoning"
"Reasoning","Light Context","บริษัทเทคโนโลยีต้องการเลือกใช้ simulation role play ใน marketing planning ช่วย reasoning"
"Reasoning","Light Context","ทีมงานต้องการใช้ press release ที่มี caption generation ใน awareness campaign ช่วยอธิบายเหตุผล"
"Reasoning","Light Context","บริษัทแฟชั่นต้องการใช้ partnership proposal ที่มี simulation role play ช่วย reasoning"
"Reasoning","Light Context","ร้านอาหารต้องการใช้ reasoning ใน marketing planning ช่วยอธิบายข้อดี"
"Reasoning","Full Context","บริษัทแฟชั่นกำลังจะเปิดตัวคอลเลกชันใหม่ มีสองทางเลือกคือใช้ press release ที่เน้น caption generation หรือจัด simulation role play ในงานเปิดตัว ทีมงานอยากได้ reasoning เปรียบเทียบข้อดีข้อเสียของแต่ละวิธีเพื่อประกอบการตัดสินใจ"
"Reasoning","Full Context","บริษัทเทคโนโลยีวางแผน partnership กับ influencer สำหรับ awareness campaign โดยมี proposal ให้เลือกทั้งแบบ summary และ paraphrase ช่วย reasoning ข้อดีข้อเสียแต่ละแบบ"
"Reasoning","Full Context","ร้านอาหารเปิดตัวเมนูใหม่โดยจัด simulation role play และใช้ press release reasoning ทีมงานอยากทราบ reasoning ว่าควรเน้นวิธีไหนใน awareness campaign"
"Reasoning","Full Context","บริษัทอสังหาฯ ต้องเลือกใช้ caption generation หรือ general content ใน press release สำหรับโครงการใหม่ ช่วย reasoning เปรียบเทียบข้อดีข้อเสีย"
"Reasoning","Full Context","ทีม marketing ต้องวางแผน trending campaign โดยมีทางเลือกใช้ simulation role play หรือ summary ใน proposal ช่วย reasoning ว่าควรเลือกอะไร"
"Reasoning","Full Context","บริษัทแฟชั่นกำลังเลือกวิธีสื่อสารระหว่าง press release reasoning กับ simulation role play ในงานเปิดตัวสินค้าใหม่ ช่วย reasoning ข้อดีข้อเสีย"
"Reasoning","Full Context","ร้านอาหารต้องการตัดสินใจว่าจะใช้ paraphrase หรือ summary ใน awareness campaign ช่วย reasoning เปรียบเทียบ"
"Reasoning","Full Context","บริษัทเทคโนโลยีต้องเลือกใช้ simulation role play หรือ caption generation ใน marketing planning ช่วย reasoning"
"Reasoning","Full Context","ทีมงานต้องการเลือกใช้ partnership proposal ที่มี reasoning หรือ simulation role play ช่วย reasoning"
"Reasoning","Full Context","บริษัทแฟชั่นต้องการใช้ press release ที่มี caption generation หรือ general content สำหรับ awareness campaign ช่วย reasoning"
"Reasoning","Full Context","ร้านอาหารต้องการเลือกใช้ simulation role play หรือ press release reasoning ในงานเปิดตัวเมนูใหม่ ช่วย reasoning"
"Reasoning","Full Context","บริษัทอสังหาฯ ต้องการเลือก summary หรือ paraphrase ใน proposal awareness campaign ช่วย reasoning"
"Reasoning","Full Context","ทีม marketing ต้องวางแผน trending campaign โดยมีทางเลือกใช้ simulation role play หรือ summary ใน proposal ช่วย reasoning"
"Reasoning","Full Context","บริษัทแฟชั่นกำลังเลือกวิธีสื่อสารระหว่าง press release reasoning กับ simulation role play ในงานเปิดตัวสินค้าใหม่ ช่วย reasoning ข้อดีข้อเสีย"
"Reasoning","Full Context","ร้านอาหารต้องการตัดสินใจว่าจะใช้ paraphrase หรือ summary ใน awareness campaign ช่วย reasoning เปรียบเทียบ"
"Reasoning","Full Context","บริษัทเทคโนโลยีต้องเลือกใช้ simulation role play หรือ caption generation ใน marketing planning ช่วย reasoning"
"Reasoning","Full Context","ทีมงานต้องการเลือกใช้ partnership proposal ที่มี reasoning หรือ simulation role play ช่วย reasoning"
"Reasoning","Full Context","บริษัทแฟชั่นต้องการใช้ press release ที่มี caption generation หรือ general content สำหรับ awareness campaign ช่วย reasoning"
"Reasoning","Full Context","ร้านอาหารต้องการเลือกใช้ simulation role play หรือ press release reasoning ในงานเปิดตัวเมนูใหม่ ช่วย reasoning"
"Reasoning","Full Context","บริษัทอสังหาฯ ต้องการเลือก summary หรือ paraphrase ใน proposal awareness campaign ช่วย reasoning"
"Trending","Without Context","เทรนด์ caption generation ที่กำลังมาแรงใน press release ปีนี้คืออะไร"
"Trending","Without Context","ช่วยบอกเทรนด์การใช้ simulation role play ใน marketing planning"
"Trending","Without Context","เทรนด์ proposal partnership กับ influencer สำหรับ awareness campaign ตอนนี้เป็นอย่างไร"
"Trending","Without Context","ช่วยอัพเดตเทรนด์ summary และ paraphrase ใน press release"
"Trending","Without Context","เทรนด์ trending campaign ในวงการแฟชั่นปีนี้คืออะไร"
"Trending","Without Context","ช่วยบอกเทรนด์การใช้ reasoning ใน proposal ความร่วมมือ"
"Trending","Without Context","เทรนด์ simulation role play ในงานเปิดตัวสินค้าใหม่เป็นอย่างไร"
"Trending","Without Context","ช่วยอัพเดตเทรนด์การใช้ caption generation ใน awareness campaign"
"Trending","Without Context","เทรนด์ proposal partnership กับ influencer สำหรับ trending campaign ปีนี้"
"Trending","Without Context","ช่วยบอกเทรนด์การใช้ summary ใน press release"
"Trending","Without Context","เทรนด์ simulation role play ใน marketing planning ปีนี้เป็นอย่างไร"
"Trending","Without Context","ช่วยอัพเดตเทรนด์การใช้ caption generation ใน proposal ความร่วมมือ"
"Trending","Without Context","เทรนด์ trending campaign ในวงการอาหารปีนี้คืออะไร"
"Trending","Without Context","ช่วยบอกเทรนด์การใช้ reasoning ใน press release"
"Trending","Without Context","เทรนด์ simulation role play ในงาน awareness campaign เป็นอย่างไร"
"Trending","Without Context","ช่วยอัพเดตเทรนด์การใช้ caption generation ใน press release"
"Trending","Without Context","เทรนด์ proposal partnership กับ influencer สำหรับ awareness campaign ปีนี้"
"Trending","Without Context","ช่วยบอกเทรนด์การใช้ summary ใน marketing planning"
"Trending","Without Context","เทรนด์ simulation role play ใน proposal ความร่วมมือปีนี้เป็นอย่างไร"
"Trending","Without Context","ช่วยอัพเดตเทรนด์การใช้ caption generation ใน trending campaign"
"Trending","Light Context","บริษัทแฟชั่นต้องการอัพเดตเทรนด์ caption generation ใน press release สำหรับ awareness campaign ปีนี้"
"Trending","Light Context","ทีมงานอยากรู้เทรนด์ simulation role play ใน marketing planning สำหรับ trending campaign"
"Trending","Light Context","บริษัทอสังหาฯ ต้องการเทรนด์ proposal partnership กับ influencer สำหรับ awareness campaign"
"Trending","Light Context","ร้านอาหารอยากทราบเทรนด์ summary และ paraphrase ใน press release ปีนี้"
"Trending","Light Context","บริษัทเทคโนโลยีอยากรู้เทรนด์ trending campaign ในวงการแฟชั่น"
"Trending","Light Context","ทีม marketing อยากอัพเดตเทรนด์ reasoning ใน proposal ความร่วมมือ"
"Trending","Light Context","บริษัทแฟชั่นต้องการเทรนด์ simulation role play ในงานเปิดตัวสินค้าใหม่"
"Trending","Light Context","ร้านอาหารอยากทราบเทรนด์ caption generation ใน awareness campaign"
"Trending","Light Context","บริษัทอสังหาฯ ต้องการเทรนด์ proposal partnership กับ influencer สำหรับ trending campaign"
"Trending","Light Context","ทีมงานอยากรู้เทรนด์ summary ใน press release ปีนี้"
"Trending","Light Context","บริษัทเทคโนโลยีอยากรู้เทรนด์ simulation role play ใน marketing planning"
"Trending","Light Context","ทีม marketing อยากอัพเดตเทรนด์ caption generation ใน proposal ความร่วมมือ"
"Trending","Light Context","บริษัทแฟชั่นต้องการเทรนด์ trending campaign ในวงการอาหาร"
"Trending","Light Context","ร้านอาหารอยากทราบเทรนด์ reasoning ใน press release"
"Trending","Light Context","บริษัทอสังหาฯ ต้องการเทรนด์ simulation role play ในงาน awareness campaign"
"Trending","Light Context","ทีมงานอยากอัพเดตเทรนด์ caption generation ใน press release"
"Trending","Light Context","บริษัทเทคโนโลยีอยากรู้เทรนด์ proposal partnership กับ influencer สำหรับ awareness campaign"
"Trending","Light Context","ทีม marketing อยากรู้เทรนด์ summary ใน marketing planning"
"Trending","Light Context","บริษัทแฟชั่นต้องการเทรนด์ simulation role play ใน proposal ความร่วมมือ"
"Trending","Light Context","ร้านอาหารอยากอัพเดตเทรนด์ caption generation ใน trending campaign"
"Trending","Full Context","บริษัทแฟชั่นกำลังจะเปิดตัวคอลเลกชันใหม่โดยใช้ press release ที่มี caption generation ทีมงานอยากอัพเดตเทรนด์ caption generation ปีนี้เพื่อใช้ใน awareness campaign"
"Trending","Full Context","บริษัทเทคโนโลยีวางแผน simulation role play ใน marketing planning สำหรับ trending campaign อยากรู้เทรนด์ simulation role play ปีนี้"
"Trending","Full Context","ร้านอาหารกำลังเตรียม proposal partnership กับ influencer สำหรับ awareness campaign อยากได้เทรนด์ล่าสุด"
"Trending","Full Context","บริษัทอสังหาฯ ต้องการเทรนด์ summary และ paraphrase ใน press release สำหรับโครงการใหม่"
"Trending","Full Context","ทีม marketing ต้องการเทรนด์ trending campaign ในวงการแฟชั่นและ reasoning ใน proposal ความร่วมมือ"
"Trending","Full Context","บริษัทแฟชั่นวางแผน simulation role play ในงานเปิดตัวสินค้าใหม่ อยากรู้เทรนด์ simulation role play ปีนี้"
"Trending","Full Context","ร้านอาหารอยากทราบเทรนด์ caption generation ใน awareness campaign ปีนี้"
"Trending","Full Context","บริษัทเทคโนโลยีต้องการเทรนด์ proposal partnership กับ influencer สำหรับ trending campaign"
"Trending","Full Context","ทีมงานอยากรู้เทรนด์ summary ใน press release สำหรับ awareness campaign"
"Trending","Full Context","บริษัทแฟชั่นต้องการเทรนด์ simulation role play ใน marketing planning ปีนี้"
"Trending","Full Context","ร้านอาหารต้องการเทรนด์ caption generation ใน proposal ความร่วมมือ"
"Trending","Full Context","บริษัทอสังหาฯ ต้องการเทรนด์ trending campaign ในวงการอาหารและ reasoning ใน press release"
"Trending","Full Context","ทีม marketing อยากรู้เทรนด์ simulation role play ในงาน awareness campaign"
"Trending","Full Context","บริษัทแฟชั่นต้องการเทรนด์ caption generation ใน press release ปีนี้"
"Trending","Full Context","ร้านอาหารต้องการเทรนด์ proposal partnership กับ influencer สำหรับ awareness campaign"
"Trending","Full Context","บริษัทเทคโนโลยีอยากรู้เทรนด์ summary ใน marketing planning"
"Trending","Full Context","ทีมงานต้องการเทรนด์ simulation role play ใน proposal ความร่วมมือ"
"Trending","Full Context","บริษัทแฟชั่นอยากอัพเดตเทรนด์ caption generation ใน trending campaign"
"Trending","Full Context","ร้านอาหารอยากรู้เทรนด์ summary และ reasoning ใน press release"
"Trending","Full Context","บริษัทอสังหาฯ อยากรู้เทรนด์ simulation role play ใน marketing planning ปีนี้"
"Caption Generation","Without Context","ช่วยคิด caption สำหรับ press release เปิดตัวสินค้าใหม่ที่เน้น reasoning"
"Caption Generation","Without Context","เขียน caption สำหรับ proposal partnership กับ influencer ใน trending campaign"
"Caption Generation","Without Context","ช่วยสร้าง caption สำหรับ simulation role play ใน marketing planning"
"Caption Generation","Without Context","คิด caption สำหรับ summary ใน awareness campaign"
"Caption Generation","Without Context","ช่วยเขียน caption สำหรับ trending campaign ในวงการแฟชั่น"
"Caption Generation","Without Context","คิด caption สำหรับ reasoning ใน press release"
"Caption Generation","Without Context","ช่วยสร้าง caption สำหรับ simulation role play ในงานเปิดตัว"
"Caption Generation","Without Context","เขียน caption สำหรับ proposal partnership กับ influencer"
"Caption Generation","Without Context","คิด caption สำหรับ summary ใน press release"
"Caption Generation","Without Context","ช่วยสร้าง caption สำหรับ trending campaign ในวงการอาหาร"
"Caption Generation","Without Context","เขียน caption สำหรับ reasoning ใน marketing planning"
"Caption Generation","Without Context","ช่วยคิด caption สำหรับ simulation role play ใน awareness campaign"
"Caption Generation","Without Context","คิด caption สำหรับ proposal partnership กับ influencer"
"Caption Generation","Without Context","ช่วยเขียน caption สำหรับ summary ใน trending campaign"
"Caption Generation","Without Context","คิด caption สำหรับ press release reasoning"
"Caption Generation","Without Context","ช่วยสร้าง caption สำหรับ simulation role play ใน proposal ความร่วมมือ"
"Caption Generation","Without Context","เขียน caption สำหรับ trending campaign ใน marketing planning"
"Caption Generation","Without Context","ช่วยคิด caption สำหรับ reasoning ใน press release"
"Caption Generation","Without Context","คิด caption สำหรับ simulation role play ใน awareness campaign"
"Caption Generation","Without Context","ช่วยสร้าง caption สำหรับ summary ใน proposal ความร่วมมือ"
"Caption Generation","Light Context","บริษัทแฟชั่นต้องการ caption สำหรับ press release เปิดตัวคอลเลกชันใหม่ที่เน้น reasoning"
"Caption Generation","Light Context","ทีมงานอยากได้ caption สำหรับ proposal partnership กับ influencer ใน trending campaign"
"Caption Generation","Light Context","บริษัทอสังหาฯ ต้องการ caption สำหรับ simulation role play ใน marketing planning"
"Caption Generation","Light Context","ร้านอาหารอยากได้ caption สำหรับ summary ใน awareness campaign"
"Caption Generation","Light Context","บริษัทเทคโนโลยีต้องการ caption สำหรับ trending campaign ในวงการแฟชั่น"
"Caption Generation","Light Context","ทีม marketing อยากได้ caption สำหรับ reasoning ใน press release"
"Caption Generation","Light Context","บริษัทแฟชั่นต้องการ caption สำหรับ simulation role play ในงานเปิดตัว"
"Caption Generation","Light Context","ร้านอาหารต้องการ caption สำหรับ proposal partnership กับ influencer"
"Caption Generation","Light Context","บริษัทอสังหาฯ ต้องการ caption สำหรับ summary ใน press release"
"Caption Generation","Light Context","ทีมงานอยากได้ caption สำหรับ trending campaign ในวงการอาหาร"
"Caption Generation","Light Context","บริษัทเทคโนโลยีต้องการ caption สำหรับ reasoning ใน marketing planning"
"Caption Generation","Light Context","ร้านอาหารต้องการ caption สำหรับ simulation role play ใน awareness campaign"
"Caption Generation","Light Context","บริษัทแฟชั่นต้องการ caption สำหรับ proposal partnership กับ influencer"
"Caption Generation","Light Context","ทีม marketing อยากได้ caption สำหรับ summary ใน trending campaign"
"Caption Generation","Light Context","บริษัทอสังหาฯ ต้องการ caption สำหรับ press release reasoning"
"Caption Generation","Light Context","ร้านอาหารต้องการ caption สำหรับ simulation role play ใน proposal ความร่วมมือ"
"Caption Generation","Light Context","บริษัทเทคโนโลยีต้องการ caption สำหรับ trending campaign ใน marketing planning"
"Caption Generation","Light Context","ทีมงานอยากได้ caption สำหรับ reasoning ใน press release"
"Caption Generation","Light Context","บริษัทแฟชั่นต้องการ caption สำหรับ simulation role play ใน awareness campaign"
"Caption Generation","Light Context","ร้านอาหารต้องการ caption สำหรับ summary ใน proposal ความร่วมมือ"
"Caption Generation","Full Context","บริษัทแฟชั่นกำลังจะเปิดตัวคอลเลกชันใหม่โดยมี press release reasoning ทีมงานอยากได้ caption สำหรับ awareness campaign ที่เหมาะกับกลุ่มเป้าหมาย"
"Caption Generation","Full Context","บริษัทเทคโนโลยีวางแผน proposal partnership กับ influencer สำหรับ trending campaign อยากได้ caption ที่โดนใจ"
"Caption Generation","Full Context","ร้านอาหารกำลังเตรียม simulation role play ใน marketing planning อยากได้ caption สำหรับโปรโมทกิจกรรม"
"Caption Generation","Full Context","บริษัทอสังหาฯ ต้องการ summary caption สำหรับ awareness campaign ในงานเปิดตัวโครงการใหม่"
"Caption Generation","Full Context","ทีม marketing ต้องการ caption สำหรับ trending campaign ในวงการแฟชั่นที่เน้น reasoning"
"Caption Generation","Full Context","บริษัทแฟชั่นวางแผน simulation role play ในงานเปิดตัวสินค้าใหม่ อยากได้ caption สำหรับโปรโมท"
"Caption Generation","Full Context","ร้านอาหารต้องการ caption สำหรับ proposal partnership กับ influencer ใน awareness campaign"
"Caption Generation","Full Context","บริษัทเทคโนโลยีต้องการ caption สำหรับ summary ใน press release สำหรับโครงการใหม่"
"Caption Generation","Full Context","ทีมงานอยากได้ caption สำหรับ trending campaign ในวงการอาหารที่เน้น reasoning"
"Caption Generation","Full Context","บริษัทแฟชั่นต้องการ caption สำหรับ simulation role play ใน marketing planning"
"Caption Generation","Full Context","ร้านอาหารต้องการ caption สำหรับ reasoning ใน press release สำหรับเมนูใหม่"
"Caption Generation","Full Context","บริษัทอสังหาฯ ต้องการ caption สำหรับ simulation role play ใน awareness campaign"
"Caption Generation","Full Context","ทีม marketing อยากได้ caption สำหรับ proposal partnership กับ influencer ที่เน้น reasoning"
"Caption Generation","Full Context","บริษัทแฟชั่นต้องการ caption สำหรับ summary ใน trending campaign"
"Caption Generation","Full Context","ร้านอาหารต้องการ caption สำหรับ press release reasoning ใน awareness campaign"
"Caption Generation","Full Context","บริษัทเทคโนโลยีอยากได้ caption สำหรับ simulation role play ใน proposal ความร่วมมือ"
"Caption Generation","Full Context","ทีมงานต้องการ caption สำหรับ trending campaign ใน marketing planning"
"Caption Generation","Full Context","บริษัทแฟชั่นต้องการ caption สำหรับ reasoning ใน press release สำหรับคอลเลกชันใหม่"
"Caption Generation","Full Context","ร้านอาหารต้องการ caption สำหรับ simulation role play ใน awareness campaign"
"Caption Generation","Full Context","บริษัทอสังหาฯ ต้องการ caption สำหรับ summary ใน proposal ความร่วมมือ"
"General","Without Context","ขอไอเดีย marketing ที่ผสมผสาน simulation role play กับ reasoning"
"General","Without Context","ขอแนวคิด awareness campaign ที่เน้น caption generation ใน press release"
"General","Without Context","ขอไอเดีย proposal partnership กับ influencer สำหรับ trending campaign"
"General","Without Context","ขอแนวทาง summary ใน press release สำหรับ awareness campaign"
"General","Without Context","ขอไอเดีย simulation role play ใน marketing planning"
"General","Without Context","ขอแนวคิดในการใช้ reasoning ใน proposal ความร่วมมือ"
"General","Without Context","ขอไอเดีย trending campaign สำหรับวงการแฟชั่น"
"General","Without Context","ขอแนวทางการใช้ caption generation ใน awareness campaign"
"General","Without Context","ขอไอเดีย proposal partnership กับ influencer สำหรับ press release"
"General","Without Context","ขอแนวคิด summary สำหรับ simulation role play"
"General","Without Context","ขอไอเดีย reasoning ใน marketing planning"
"General","Without Context","ขอแนวทาง simulation role play ใน awareness campaign"
"General","Without Context","ขอไอเดีย caption generation สำหรับ proposal partnership"
"General","Without Context","ขอแนวคิด summary ใน trending campaign"
"General","Without Context","ขอไอเดีย press release ที่เน้น reasoning"
"General","Without Context","ขอแนวทาง simulation role play สำหรับ proposal ความร่วมมือ"
"General","Without Context","ขอไอเดีย trending campaign ใน marketing planning"
"General","Without Context","ขอแนวคิด caption generation สำหรับ reasoning ใน press release"
"General","Without Context","ขอไอเดีย simulation role play ใน awareness campaign"
"General","Without Context","ขอแนวทาง summary สำหรับ proposal ความร่วมมือ"
"General","Light Context","บริษัทแฟชั่นต้องการไอเดีย marketing ที่ผสม simulation role play กับ reasoning สำหรับ awareness campaign"
"General","Light Context","ทีมงานอยากได้แนวคิด awareness campaign ที่เน้น caption generation ใน press release"
"General","Light Context","บริษัทอสังหาฯ ต้องการไอเดีย proposal partnership กับ influencer สำหรับ trending campaign"
"General","Light Context","ร้านอาหารอยากได้แนวทาง summary ใน press release สำหรับ awareness campaign"
"General","Light Context","บริษัทเทคโนโลยีต้องการไอเดีย simulation role play ใน marketing planning"
"General","Light Context","ทีม marketing อยากได้แนวคิดในการใช้ reasoning ใน proposal ความร่วมมือ"
"General","Light Context","บริษัทแฟชั่นต้องการไอเดีย trending campaign สำหรับวงการแฟชั่น"
"General","Light Context","ร้านอาหารอยากได้แนวทางการใช้ caption generation ใน awareness campaign"
"General","Light Context","บริษัทอสังหาฯ ต้องการไอเดีย proposal partnership กับ influencer สำหรับ press release"
"General","Light Context","ทีมงานอยากได้แนวคิด summary สำหรับ simulation role play"
"General","Light Context","บริษัทเทคโนโลยีต้องการไอเดีย reasoning ใน marketing planning"
"General","Light Context","ร้านอาหารต้องการแนวทาง simulation role play ใน awareness campaign"
"General","Light Context","บริษัทแฟชั่นต้องการไอเดีย caption generation สำหรับ proposal partnership"
"General","Light Context","ทีม marketing อยากได้แนวคิด summary ใน trending campaign"
"General","Light Context","บริษัทอสังหาฯ ต้องการไอเดีย press release ที่เน้น reasoning"
"General","Light Context","ร้านอาหารต้องการแนวทาง simulation role play สำหรับ proposal ความร่วมมือ"
"General","Light Context","บริษัทเทคโนโลยีอยากได้ไอเดีย trending campaign ใน marketing planning"
"General","Light Context","ทีมงานอยากได้แนวคิด caption generation สำหรับ reasoning ใน press release"
"General","Light Context","บริษัทแฟชั่นต้องการไอเดีย simulation role play ใน awareness campaign"
"General","Light Context","ร้านอาหารต้องการแนวทาง summary สำหรับ proposal ความร่วมมือ"
"General","Full Context","บริษัทแฟชั่นกำลังจะเปิดตัวคอลเลกชันใหม่โดยมี press release reasoning และ simulation role play ในงานเปิดตัว ทีมงานอยากได้ไอเดีย marketing ที่เหมาะกับ awareness campaign"
"General","Full Context","บริษัทเทคโนโลยีวางแผน proposal partnership กับ influencer สำหรับ trending campaign และอยากได้แนวคิด caption generation ใน press release"
"General","Full Context","ร้านอาหารกำลังเตรียม simulation role play ใน marketing planning และอยากได้ไอเดีย summary สำหรับ awareness campaign"
"General","Full Context","บริษัทอสังหาฯ ต้องการแนวคิด proposal partnership กับ influencer สำหรับ press release ที่เน้น reasoning"
"General","Full Context","ทีม marketing ต้องการไอเดีย simulation role play ใน awareness campaign และ caption generation สำหรับ trending campaign"
"General","Full Context","บริษัทแฟชั่นวางแผน simulation role play ในงานเปิดตัวสินค้าใหม่ และอยากได้แนวคิด summary สำหรับ press release"
"General","Full Context","ร้านอาหารต้องการไอเดีย proposal partnership กับ influencer สำหรับ awareness campaign ที่เน้น reasoning"
"General","Full Context","บริษัทเทคโนโลยีต้องการแนวคิด caption generation ใน press release สำหรับโครงการใหม่"
"General","Full Context","ทีมงานอยากได้ไอเดีย trending campaign ในวงการอาหารที่เน้น reasoning"
"General","Full Context","บริษัทแฟชั่นต้องการไอเดีย simulation role play ใน marketing planning สำหรับ awareness campaign"
"General","Full Context","ร้านอาหารต้องการแนวคิด reasoning ใน press release สำหรับเมนูใหม่"
"General","Full Context","บริษัทอสังหาฯ ต้องการไอเดีย simulation role play ใน awareness campaign"
"General","Full Context","ทีม marketing อยากได้ไอเดีย proposal partnership กับ influencer ที่เน้น reasoning"
"General","Full Context","บริษัทแฟชั่นต้องการแนวคิด summary ใน trending campaign สำหรับ awareness campaign"
"General","Full Context","ร้านอาหารต้องการไอเดีย press release reasoning ใน awareness campaign"
"General","Full Context","บริษัทเทคโนโลยีอยากได้ไอเดีย simulation role play ใน proposal ความร่วมมือ"
"General","Full Context","ทีมงานต้องการไอเดีย trending campaign ใน marketing planning สำหรับ awareness campaign"
"General","Full Context","บริษัทแฟชั่นต้องการแนวคิด caption generation สำหรับ reasoning ใน press release"
"General","Full Context","ร้านอาหารต้องการไอเดีย simulation role play ใน awareness campaign สำหรับเมนูใหม่"
"General","Full Context","บริษัทอสังหาฯ ต้องการแนวคิด summary สำหรับ proposal ความร่วมมือใน awareness campaign"
"Marketing Planning","Without Context","ช่วยวางแผน marketing ที่ผสม simulation role play กับ reasoning"
"Marketing Planning","Without Context","วางแผน awareness campaign ที่เน้น caption generation ใน press release"
"Marketing Planning","Without Context","ช่วยวางแผน proposal partnership กับ influencer สำหรับ trending campaign"
"Marketing Planning","Without Context","วางแผน summary ใน press release สำหรับ awareness campaign"
"Marketing Planning","Without Context","ช่วยวางแผน simulation role play ใน marketing planning"
"Marketing Planning","Without Context","วางแผนการใช้ reasoning ใน proposal ความร่วมมือ"
"Marketing Planning","Without Context","ช่วยวางแผน trending campaign สำหรับวงการแฟชั่น"
"Marketing Planning","Without Context","วางแผนการใช้ caption generation ใน awareness campaign"
"Marketing Planning","Without Context","ช่วยวางแผน proposal partnership กับ influencer สำหรับ press release"
"Marketing Planning","Without Context","วางแผน summary สำหรับ simulation role play"
"Marketing Planning","Without Context","ช่วยวางแผน reasoning ใน marketing planning"
"Marketing Planning","Without Context","วางแผน simulation role play ใน awareness campaign"
"Marketing Planning","Without Context","ช่วยวางแผน caption generation สำหรับ proposal partnership"
"Marketing Planning","Without Context","วางแผน summary ใน trending campaign"
"Marketing Planning","Without Context","ช่วยวางแผน press release ที่เน้น reasoning"
"Marketing Planning","Without Context","วางแผน simulation role play สำหรับ proposal ความร่วมมือ"
"Marketing Planning","Without Context","ช่วยวางแผน trending campaign ใน marketing planning"
"Marketing Planning","Without Context","วางแผน caption generation สำหรับ reasoning ใน press release"
"Marketing Planning","Without Context","ช่วยวางแผน simulation role play ใน awareness campaign"
"Marketing Planning","Without Context","วางแผน summary สำหรับ proposal ความร่วมมือ"
"Marketing Planning","Light Context","บริษัทแฟชั่นต้องการแผน marketing ที่ผสม simulation role play กับ reasoning สำหรับ awareness campaign"
"Marketing Planning","Light Context","ทีมงานอยากได้แผน awareness campaign ที่เน้น caption generation ใน press release"
"Marketing Planning","Light Context","บริษัทอสังหาฯ ต้องการแผน proposal partnership กับ influencer สำหรับ trending campaign"
"Marketing Planning","Light Context","ร้านอาหารอยากได้แผน summary ใน press release สำหรับ awareness campaign"
"Marketing Planning","Light Context","บริษัทเทคโนโลยีต้องการแผน simulation role play ใน marketing planning"
"Marketing Planning","Light Context","ทีม marketing อยากได้แผนการใช้ reasoning ใน proposal ความร่วมมือ"
"Marketing Planning","Light Context","บริษัทแฟชั่นต้องการแผน trending campaign สำหรับวงการแฟชั่น"
"Marketing Planning","Light Context","ร้านอาหารอยากได้แผนการใช้ caption generation ใน awareness campaign"
"Marketing Planning","Light Context","บริษัทอสังหาฯ ต้องการแผน proposal partnership กับ influencer สำหรับ press release"
"Marketing Planning","Light Context","ทีมงานอยากได้แผน summary สำหรับ simulation role play"
"Marketing Planning","Light Context","บริษัทเทคโนโลยีต้องการแผน reasoning ใน marketing planning"
"Marketing Planning","Light Context","ร้านอาหารต้องการแผน simulation role play ใน awareness campaign"
"Marketing Planning","Light Context","บริษัทแฟชั่นต้องการแผน caption generation สำหรับ proposal partnership"
"Marketing Planning","Light Context","ทีม marketing อยากได้แผน summary ใน trending campaign"
"Marketing Planning","Light Context","บริษัทอสังหาฯ ต้องการแผน press release ที่เน้น reasoning"
"Marketing Planning","Light Context","ร้านอาหารต้องการแผน simulation role play สำหรับ proposal ความร่วมมือ"
"Marketing Planning","Light Context","บริษัทเทคโนโลยีอยากได้แผน trending campaign ใน marketing planning"
"Marketing Planning","Light Context","ทีมงานอยากได้แผน caption generation สำหรับ reasoning ใน press release"
"Marketing Planning","Light Context","บริษัทแฟชั่นต้องการแผน simulation role play ใน awareness campaign"
"Marketing Planning","Light Context","ร้านอาหารต้องการแผน summary สำหรับ proposal ความร่วมมือ"
"Marketing Planning","Full Context","บริษัทแฟชั่นกำลังจะเปิดตัวคอลเลกชันใหม่โดยมี press release reasoning และ simulation role play ในงานเปิดตัว ทีมงานอยากได้แผน marketing ที่เหมาะกับ awareness campaign"
"Marketing Planning","Full Context","บริษัทเทคโนโลยีวางแผน proposal partnership กับ influencer สำหรับ trending campaign และอยากได้แผน caption generation ใน press release"
"Marketing Planning","Full Context","ร้านอาหารกำลังเตรียม simulation role play ใน marketing planning และอยากได้แผน summary สำหรับ awareness campaign"
"Marketing Planning","Full Context","บริษัทอสังหาฯ ต้องการแผน proposal partnership กับ influencer สำหรับ press release ที่เน้น reasoning"
"Marketing Planning","Full Context","ทีม marketing ต้องการแผน simulation role play ใน awareness campaign และ caption generation สำหรับ trending campaign"
"Marketing Planning","Full Context","บริษัทแฟชั่นวางแผน simulation role play ในงานเปิดตัวสินค้าใหม่ และอยากได้แผน summary สำหรับ press release"
"Marketing Planning","Full Context","ร้านอาหารต้องการแผน proposal partnership กับ influencer สำหรับ awareness campaign ที่เน้น reasoning"
"Marketing Planning","Full Context","บริษัทเทคโนโลยีต้องการแผน caption generation ใน press release สำหรับโครงการใหม่"
"Marketing Planning","Full Context","ทีมงานอยากได้แผน trending campaign ในวงการอาหารที่เน้น reasoning"
"Marketing Planning","Full Context","บริษัทแฟชั่นต้องการแผน simulation role play ใน marketing planning สำหรับ awareness campaign"
"Marketing Planning","Full Context","ร้านอาหารต้องการแผน reasoning ใน press release สำหรับเมนูใหม่"
"Marketing Planning","Full Context","บริษัทอสังหาฯ ต้องการแผน simulation role play ใน awareness campaign"
"Marketing Planning","Full Context","ทีม marketing อยากได้แผน proposal partnership กับ influencer ที่เน้น reasoning"
"Marketing Planning","Full Context","บริษัทแฟชั่นต้องการแผน summary ใน trending campaign สำหรับ awareness campaign"
"Marketing Planning","Full Context","ร้านอาหารต้องการแผน press release reasoning ใน awareness campaign"
"Marketing Planning","Full Context","บริษัทเทคโนโลยีอยากได้แผน simulation role play ใน proposal ความร่วมมือ"
"Marketing Planning","Full Context","ทีมงานต้องการแผน trending campaign ใน marketing planning สำหรับ awareness campaign"
"Marketing Planning","Full Context","บริษัทแฟชั่นต้องการแผน caption generation สำหรับ reasoning ใน press release"
"Marketing Planning","Full Context","ร้านอาหารต้องการแผน simulation role play ใน awareness campaign สำหรับเมนูใหม่"
"Marketing Planning","Full Context","บริษัทอสังหาฯ ต้องการแผน summary สำหรับ proposal ความร่วมมือใน awareness campaign"